userWin,userChamp,userChampId,userKills,userDeaths,userAssists,matchId,gameDurration,gameMode,gameStartTimestamp,p0SummonerName,p0Puuid,p0ChampionName,p0ChampionId,p0Win,p0Kills,p0Deaths,p0Assists,p0GoldEarned,p0PhysicalDamageDealtToChampions,p0MagicDamageDealtToChampions,p0TrueDamageDealtToChampions,p0TotalDamageDealtToChampions,p0PhysicalDamageTaken,p0MagicDamageTaken,p0TrueDamageTaken,p0TotalDamageTaken,p0Item0,p0Item1,p0Item2,p0Item3,p0Item4,p0Item5,p0Item6,p1SummonerName,p1Puuid,p1ChampionName,p1ChampionId,p1Win,p1Kills,p1Deaths,p1Assists,p1GoldEarned,p1PhysicalDamageDealtToChampions,p1MagicDamageDealtToChampions,p1TrueDamageDealtToChampions,p1TotalDamageDealtToChampions,p1PhysicalDamageTaken,p1MagicDamageTaken,p1TrueDamageTaken,p1TotalDamageTaken,p1Item0,p1Item1,p1Item2,p1Item3,p1Item4,p1Item5,p1Item6,p2SummonerName,p2Puuid,p2ChampionName,p2ChampionId,p2Win,p2Kills,p2Deaths,p2Assists,p2GoldEarned,p2PhysicalDamageDealtToChampions,p2MagicDamageDealtToChampions,p2TrueDamageDealtToChampions,p2TotalDamageDealtToChampions,p2PhysicalDamageTaken,p2MagicDamageTaken,p2TrueDamageTaken,p2TotalDamageTaken,p2Item0,p2Item1,p2Item2,p2Item3,p2Item4,p2Item5,p2Item6,p3SummonerName,p3Puuid,p3ChampionName,p3ChampionId,p3Win,p3Kills,p3Deaths,p3Assists,p3GoldEarned,p3PhysicalDamageDealtToChampions,p3MagicDamageDealtToChampions,p3TrueDamageDealtToChampions,p3TotalDamageDealtToChampions,p3PhysicalDamageTaken,p3MagicDamageTaken,p3TrueDamageTaken,p3TotalDamageTaken,p3Item0,p3Item1,p3Item2,p3Item3,p3Item4,p3Item5,p3Item6,p4SummonerName,p4Puuid,p4ChampionName,p4ChampionId,p4Win,p4Kills,p4Deaths,p4Assists,p4GoldEarned,p4PhysicalDamageDealtToChampions,p4MagicDamageDealtToChampions,p4TrueDamageDealtToChampions,p4TotalDamageDealtToChampions,p4PhysicalDamageTaken,p4MagicDamageTaken,p4TrueDamageTaken,p4TotalDamageTaken,p4Item0,p4Item1,p4Item2,p4Item3,p4Item4,p4Item5,p4Item6,p5SummonerName,p5Puuid,p5ChampionName,p5ChampionId,p5Win,p5Kills,p5Deaths,p5Assists,p5GoldEarned,p5PhysicalDamageDealtToChampions,p5MagicDamageDealtToChampions,p5TrueDamageDealtToChampions,p5TotalDamageDealtToChampions,p5PhysicalDamageTaken,p5MagicDamageTaken,p5TrueDamageTaken,p5TotalDamageTaken,p5Item0,p5Item1,p5Item2,p5Item3,p5Item4,p5Item5,p5Item6,p6SummonerName,p6Puuid,p6ChampionName,p6ChampionId,p6Win,p6Kills,p6Deaths,p6Assists,p6GoldEarned,p6PhysicalDamageDealtToChampions,p6MagicDamageDealtToChampions,p6TrueDamageDealtToChampions,p6TotalDamageDealtToChampions,p6PhysicalDamageTaken,p6MagicDamageTaken,p6TrueDamageTaken,p6TotalDamageTaken,p6Item0,p6Item1,p6Item2,p6Item3,p6Item4,p6Item5,p6Item6,p7SummonerName,p7Puuid,p7ChampionName,p7ChampionId,p7Win,p7Kills,p7Deaths,p7Assists,p7GoldEarned,p7PhysicalDamageDealtToChampions,p7MagicDamageDealtToChampions,p7TrueDamageDealtToChampions,p7TotalDamageDealtToChampions,p7PhysicalDamageTaken,p7MagicDamageTaken,p7TrueDamageTaken,p7TotalDamageTaken,p7Item0,p7Item1,p7Item2,p7Item3,p7Item4,p7Item5,p7Item6,p8SummonerName,p8Puuid,p8ChampionName,p8ChampionId,p8Win,p8Kills,p8Deaths,p8Assists,p8GoldEarned,p8PhysicalDamageDealtToChampions,p8MagicDamageDealtToChampions,p8TrueDamageDealtToChampions,p8TotalDamageDealtToChampions,p8PhysicalDamageTaken,p8MagicDamageTaken,p8TrueDamageTaken,p8TotalDamageTaken,p8Item0,p8Item1,p8Item2,p8Item3,p8Item4,p8Item5,p8Item6,p9SummonerName,p9Puuid,p9ChampionName,p9ChampionId,p9Win,p9Kills,p9Deaths,p9Assists,p9GoldEarned,p9PhysicalDamageDealtToChampions,p9MagicDamageDealtToChampions,p9TrueDamageDealtToChampions,p9TotalDamageDealtToChampions,p9PhysicalDamageTaken,p9MagicDamageTaken,p9TrueDamageTaken,p9TotalDamageTaken,p9Item0,p9Item1,p9Item2,p9Item3,p9Item4,p9Item5,p9Item6
True,Jhin,202,7,5,26,NA1_4893774054,886,ARAM,1705381664374,knightkhaled,Aa6E8Ux1i8guL9Ipgd4HMSaV78NgNl7y2JUSp9VL158YRtwj2KDeyQe3MPXxTSdKGw4nak86x195BQ,Yasuo,157,False,4,12,15,8989,13211,2197,690,16099,11343,7426,720,19490,3006,3153,3091,1031,1028,1033,2052,Sinbad007,iKS_GS5AVGE1VbhqJjqUrgCUagSWZXnMeQjY0d8OugMHSvsu9eYjo5L4aUrH2VVUiC3Zp1XRlsFy4A,Kaisa,145,False,14,6,6,12321,3663,24713,710,29087,2992,9372,0,12364,6655,2031,3020,6653,3089,0,2052,Mikhailz,CMqKO2JvGFH75cYbAYHcPvzQhdH1UnV2srlNLKk1Zm0s6eeL3KW5SsYWT_EtpM7DNEUJUMm3Cw6oWQ,Bard,432,False,4,5,17,8749,1846,7675,44,9566,5461,7886,50,13397,4005,3158,4642,6617,3916,4642,2052,iyyghg,M9nkRHdZUBbujoXLWNlXrJwO35JSRHkAFafwqSe-I-gfJPvhgF-j9VZ_Nl90-unndIMjmeISyla81A,Alistar,12,False,1,11,17,8708,733,10261,998,11992,14069,13797,298,28165,3068,6665,3111,3076,1028,0,2052,EatSleepRaveRep,t1xx4NffEKLbWg6XuGnOFplPt0rKGxK7cmif6NFd0ePIpk2EMIT6dVW1K_sk22kpRmuf8wSnKfDj8Q,Kayle,10,False,2,7,19,9460,3690,6147,402,10240,5685,8737,169,14592,3006,3124,3115,1028,0,0,2052,actuallyapotato,59rYkD8T2UT6a4REJW3NuCgQ7dJr9FHUp4ukCMoHmqyHntBpaoS81CAuW5BhjahxEGHCBQl0DS5_tg,MonkeyKing,62,True,17,4,16,13618,14144,2075,380,16599,9649,10337,280,20266,6662,3111,3161,6610,0,3044,2052,Katinka4,5u1OuQR4vRKF7Wfn6FxxPnF4Pic4-FPSAvzJquGYzMPSFuMSEZoLeekzJDwtzrrqkKqmCIxy_uJFOQ,Annie,1,True,6,6,29,10876,574,14993,0,15567,4491,6125,285,10901,3040,1058,6655,1058,0,3020,2052,Shuckle,wNZrz_iRLQUVnyoil-jSSQ3ZZd7o-bTCyYIDgBqheYtREHcZd0astsVtTKvM5-ORRt5kh9rBdiFR4w,Zac,154,True,2,4,23,9878,1127,10941,399,12469,6389,10892,2035,19317,2051,3047,1029,3075,3065,1033,2052,KlahrStar,yo7_jh2qIboI5mEpRZLhnd0ZHZ9GMzS6UQWSMidNkyuIuptIaat3hMihCYxJY8Eyq_AsrVvHrMpcpA,Jhin,202,True,7,5,26,10633,13897,636,108,14642,3675,7855,290,11820,3009,3142,6676,1018,1038,0,2052,Skufaden,M6kcfgKTYUhrsPEkffTKGEpAeph2QuveJVwP6hfgSMYreDh8CBRL3q4KrdZP-sEqk2CTE7rdB1vaLw,Swain,50,True,9,6,25,11010,2201,18573,510,21285,11456,15784,1270,28511,4633,3070,3065,1001,3802,3108,2052
True,Brand,63,10,6,20,NA1_4893746313,1085,ARAM,1705380350848,A Sexy Girl,oOiugB65rw88UfUY2YG2EQRnCd4MW_3ZJhKH9_eqk85IDQyAvKONN91Z3zJwk0nLkxRCNDwXyRan4A,Kaisa,145,False,7,6,15,12101,6193,24396,0,30589,5346,8255,611,14213,3042,6655,1058,3115,3006,0,2052,Demi Enjoyer,TmPeoYabRy6OqicgQafhOmPon_lluiMdNYOSKssmHshElrJMxpPH8j5-BLCdF0b1pB0BL7dhYRHVJA,Belveth,200,False,2,14,8,10799,6495,1170,686,8351,12089,9812,5655,27557,3153,3111,3091,6333,1029,0,2052,EREN20191010,aeyQ9f-ibvFiQM-m7LsC5ccWsAmiZRS6k8ZDvW1l2z-nqvt0NKpcN6Og6OM9s37GNyCpOfGGNMrqRg,Yasuo,157,False,8,10,7,12395,11384,1104,700,13189,10282,9172,669,20123,3006,3153,3072,3031,1029,0,2052,PeonyCity,_zVRZA7zGG83I97sZub0HR3MzoTi6MVJzc7AHvnhgxrkNvnWtzDIGr7Z4Twvh0NizUT7KjqeOi94MA,Aphelios,523,False,4,10,9,11641,11480,311,0,11791,7583,11739,146,19470,6672,3006,3153,3095,1036,0,2052,SSnazzii,RGe0NAFoa7XMb4qO7FPwC8vFYCJCQBDIR3rTVceZqHAN2qAzMMc81mDZOOfwu8tcxnXC-4oIEUZ-Fg,Xerath,101,False,7,9,15,12010,347,24671,479,25497,4808,9466,1436,15711,4646,3020,3118,3070,0,4645,2052,actuallyapotato,59rYkD8T2UT6a4REJW3NuCgQ7dJr9FHUp4ukCMoHmqyHntBpaoS81CAuW5BhjahxEGHCBQl0DS5_tg,TwistedFate,4,True,3,7,27,11671,2000,13900,245,16147,15327,12530,283,28142,6657,3158,3100,3086,0,3152,2052,Katinka4,5u1OuQR4vRKF7Wfn6FxxPnF4Pic4-FPSAvzJquGYzMPSFuMSEZoLeekzJDwtzrrqkKqmCIxy_uJFOQ,Darius,122,True,15,8,19,13681,13290,0,5081,18371,20129,17003,1044,38176,3111,2031,6631,3071,3053,1006,2052,Shuckle,wNZrz_iRLQUVnyoil-jSSQ3ZZd7o-bTCyYIDgBqheYtREHcZd0astsVtTKvM5-ORRt5kh9rBdiFR4w,Yuumi,350,True,4,2,40,11856,142,17311,1326,18780,2285,1360,226,3873,6655,3070,3089,3165,0,0,2052,KlahrStar,yo7_jh2qIboI5mEpRZLhnd0ZHZ9GMzS6UQWSMidNkyuIuptIaat3hMihCYxJY8Eyq_AsrVvHrMpcpA,Brand,63,True,10,6,20,13066,100,15621,325,16048,4025,13032,112,17169,6653,3020,3116,3118,3135,0,2052,Counter Tips,virH9MnbrLpfcs7uqksBBWNui5JhVPu5LdlmOJIvduo13HHo2cslRZxVOMrnE_UMnnbCj0nW_1g_fA,Jayce,126,True,17,6,21,14361,19730,1613,1147,22492,4959,7726,198,12884,3042,6692,3158,6676,3067,3133,2052
True,Soraka,16,3,8,43,NA1_4893712596,1268,ARAM,1705378909621,SynthesisThiirty,DFzuTl5IDax1ERw3P9DV3LqItcWSSZAKUbNIV63EKLzfudw1qbptj1HminPMUOMcMySxw_KivFAYPw,TwistedFate,4,True,10,10,30,15049,1394,42292,1165,44852,8704,19187,36,27929,3020,6655,3100,3094,3089,0,2052,actuallyapotato,59rYkD8T2UT6a4REJW3NuCgQ7dJr9FHUp4ukCMoHmqyHntBpaoS81CAuW5BhjahxEGHCBQl0DS5_tg,Varus,110,True,13,7,25,16229,33546,4584,945,39076,6793,17560,287,24640,3042,6697,3158,3814,3156,1037,2052,Katinka4,5u1OuQR4vRKF7Wfn6FxxPnF4Pic4-FPSAvzJquGYzMPSFuMSEZoLeekzJDwtzrrqkKqmCIxy_uJFOQ,RekSai,421,True,13,6,17,14439,18729,239,3492,22460,18139,20916,2478,41534,3111,6333,6610,3156,3067,1028,2052,Shuckle,wNZrz_iRLQUVnyoil-jSSQ3ZZd7o-bTCyYIDgBqheYtREHcZd0astsVtTKvM5-ORRt5kh9rBdiFR4w,Trundle,48,True,11,8,23,14510,13636,4894,1050,19581,20877,35026,862,56766,2051,3111,2504,6610,6662,1011,0,KlahrStar,yo7_jh2qIboI5mEpRZLhnd0ZHZ9GMzS6UQWSMidNkyuIuptIaat3hMihCYxJY8Eyq_AsrVvHrMpcpA,Soraka,16,True,3,8,43,13579,440,7143,299,7883,3323,10522,153,13999,6617,3107,3158,3504,3083,3222,2052,akaSheff,wsdiqD8yx4vipmBSkxbWWWpLRjtNgoMGkdS8mbGQW2n6JGMvEMIy17fzND3Q5QQa_meYlRqGJ9QrrA,Sivir,15,False,6,10,23,14548,32611,3001,726,36339,15172,7302,1532,24007,0,3046,3033,3031,3087,3006,2052,hi im austie,Njb5V6smC2M0SbuM6ODM_PzRj9oKtgXPi2ED-a5oSGlSVU-OiY_IBGbPzCvoH56--GNN6ztKrPkZvA,Vladimir,8,False,9,11,15,13335,696,25612,1018,27327,16363,16329,1658,34351,4629,3152,3020,3135,3916,1058,2052,shikyotaira,_jBnhlptJ1SioB78RAaGMmEvastksoJW1XF4uN9vjNins6yt7pKFc-zZM9zaqj5hy1__apiezO8jPA,Cassiopeia,69,False,5,10,18,13377,992,25946,523,27462,16994,12790,1254,31039,6653,3065,3116,3040,0,0,2052,DaYellowEmperor,dk88Prqlh_zLf7mOhCggWiu92D_YhxWu6fVsl4hmlVqZW_pzk0vsX0vGj75tQLZiB2kvwsQdFh8oRw,Gragas,79,False,12,9,12,15005,941,28684,1246,30872,16559,11468,1254,29282,6655,4646,3020,3089,3135,0,2052,KingDaddy69420,yphR1KDKyCPa5AAsmm_IxF0q-XkluQCFVJ2j5_dGfcOHBXBM8gqh89sYdwRRPQd-V02EUzWKgeHEOA,Kaisa,145,False,7,10,17,13748,11382,19969,117,31468,9792,11263,1253,22310,3089,3115,3020,6655,4630,1026,2052
True,Rumble,68,19,11,37,NA1_4893683240,1349,ARAM,1705377389497,S1lentstorm ,AOGKAsnJ9wOCw62BEgH7qfeZ6dsvO6P8YcNj3DCsFgCWzms44Vb5YX6C-rGOjft46V_Zqz5fYFLC8A,Vex,711,False,8,9,23,15134,1805,29917,1732,33456,12192,8171,284,20647,6655,3135,4646,3089,3020,1052,2052,HoneyBobaTea,CM4rzD7E4OjP5-aKqA9B-LFHJL5ytHoXufFBev3cmJxQhtIZ3Gq0NL8sXzGF5Rl277O8bgG0ted3gw,Pyke,555,False,13,18,20,16001,17527,0,4602,22130,22518,15518,711,38747,3158,6676,3142,6697,6696,3035,2052,bîng chillin,EX9aOUwWtU0isPjhllQ05rJQYQvZV8wMydkSU6V-J8BL6PHrBIbXKyM5GOlYo3iVqxseIv_cg2NFSw,Kennen,85,False,10,12,26,15777,2557,43030,2434,48022,12318,13725,888,26932,4646,3152,3020,3137,3089,3113,2052,likesmudkip,YLZhA_werCkVEH60HGHIHizZFdoABbAEhAuN8M0FdZev1v7ikIXTdRJX-tF_6XVSk7L_Fm3yDn8J8Q,Khazix,121,False,13,13,20,16278,41464,1322,1580,44367,13191,12301,3889,29383,3042,6676,3111,6697,6333,3035,2052,WEENIE BOY,lI5Jt8yE9nv8mwWBK9eX9E5ZV1nxmXL7s7kgJWsgScPKgLxT4x8ZXlHp-ODOMuGI03KE-JtZcrfqrg,Warwick,19,False,7,15,23,14456,10748,11406,1536,23691,29674,19010,897,49582,3302,1043,3111,3748,3065,1053,2052,actuallyapotato,59rYkD8T2UT6a4REJW3NuCgQ7dJr9FHUp4ukCMoHmqyHntBpaoS81CAuW5BhjahxEGHCBQl0DS5_tg,Illaoi,420,True,21,9,29,18710,42835,178,2030,45044,24113,19573,1994,45680,6610,3111,3053,6662,2504,3071,2052,Katinka4,5u1OuQR4vRKF7Wfn6FxxPnF4Pic4-FPSAvzJquGYzMPSFuMSEZoLeekzJDwtzrrqkKqmCIxy_uJFOQ,Singed,27,True,14,10,38,16159,2548,17229,332,20110,21667,18571,2822,43062,3111,3742,1031,4401,6653,3116,2052,Shuckle,wNZrz_iRLQUVnyoil-jSSQ3ZZd7o-bTCyYIDgBqheYtREHcZd0astsVtTKvM5-ORRt5kh9rBdiFR4w,Braum,201,True,3,7,59,15174,3641,10648,1099,15389,27133,15649,4247,47030,3190,3111,3109,2504,3083,3076,2052,KlahrStar,yo7_jh2qIboI5mEpRZLhnd0ZHZ9GMzS6UQWSMidNkyuIuptIaat3hMihCYxJY8Eyq_AsrVvHrMpcpA,Rumble,68,True,19,11,37,17802,2024,40340,2866,45231,10262,16223,1908,28394,3157,3152,6653,3020,4646,1058,2052,KhwangOwO,ioMCFfEHcUexGuzONAl1Tp24cFiRFKHsOgCOceF9YGePHwO43RhEc9hFkiakgEEdMUzJ8sRjSQwgPw,Senna,235,True,10,14,40,15665,25774,329,343,26447,13115,15659,1269,30044,3031,3006,6676,3065,6662,3086,2052
False,Taliyah,163,9,11,36,NA1_4893655932,1124,ARAM,1705376059140,actuallyapotato,59rYkD8T2UT6a4REJW3NuCgQ7dJr9FHUp4ukCMoHmqyHntBpaoS81CAuW5BhjahxEGHCBQl0DS5_tg,Jayce,126,False,21,8,27,15866,36306,4699,2588,43595,13937,4252,712,18902,3042,6697,3814,3158,6694,3134,2052,Katinka4,5u1OuQR4vRKF7Wfn6FxxPnF4Pic4-FPSAvzJquGYzMPSFuMSEZoLeekzJDwtzrrqkKqmCIxy_uJFOQ,Varus,110,False,10,10,36,14323,22948,6910,228,30086,21848,4467,730,27047,6672,3085,3006,3153,3124,2015,0,Shuckle,wNZrz_iRLQUVnyoil-jSSQ3ZZd7o-bTCyYIDgBqheYtREHcZd0astsVtTKvM5-ORRt5kh9rBdiFR4w,Graves,104,False,15,10,28,14915,27456,2293,636,30386,24709,6949,2114,33774,3071,1037,3072,3047,6333,3044,0,KlahrStar,yo7_jh2qIboI5mEpRZLhnd0ZHZ9GMzS6UQWSMidNkyuIuptIaat3hMihCYxJY8Eyq_AsrVvHrMpcpA,Taliyah,163,False,9,11,36,13154,555,26202,2570,29328,14420,4483,934,19838,6655,3020,4645,3089,2420,0,2052,UmamiBomb,d9WRexE3Sk4YEIh98N4KNDP8Yd6vDU2ue4Zh3_AoCTWs1sBidzuRjX09pd_Rw3v_3XLGgYsvqbJreA,Ivern,427,False,1,10,39,10529,2174,5066,609,7850,15136,4692,569,20398,3107,3047,4005,6617,4642,3916,2052,IamYeonRoot,MUVaT9FCTs9jaao1E6SFruqyYezyifvg5QHCWssXMYLyFnDKXRnv6n1CznHBaiepnZSu5nIS2Xn5rg,JarvanIV,59,True,13,12,29,14475,19918,2009,689,22617,19719,8682,343,28746,6695,3142,3814,3158,2020,6676,2052,glorytoss,iQ2VCb4vSqnd6R26W7W9GKKphw3JV6w5Md3acx93f5B3_uWLnHVqAcA0XY39qOl7PgQ8cdvnAi_Twg,XinZhao,5,True,9,11,18,13956,15034,2568,878,18481,16023,10125,1165,27315,3302,6692,3047,6333,1053,1043,2052,ssulauh,demkDwK1XpPwha4Jmyan1bhmySkUfWx80FMcus3ZkKceZPG2UKFiOO05nPPUbN2BPq2j9VOCTOwtMg,LeeSin,64,True,15,11,15,14817,27144,6863,1330,35337,15994,7459,272,23726,6697,6698,3047,6701,3133,2020,2052,SEUNGHO,ROXbDTC8SMD1tjruSm_JRRikWwXmbJfiqS9gdA8SLEFvmVxpgWt-vW1mJheCqMolXmQaeE-HZjpj0w,Nilah,895,True,11,11,21,15852,23510,0,1131,24642,22349,7750,209,30310,6676,3111,6675,6673,3072,0,2052,SeaTigris,lyaJ4Eg0Da1m0gPCz5PXMqJkGTShelt0o_iqJ74NCfFd4EdcSkTYOx3XObrBHgJ6itt43BJlB5w1uQ,Zac,154,True,1,11,24,10911,795,13405,1332,15534,29356,11153,5342,45852,6660,6665,3111,3065,1031,3067,2052
True,Syndra,134,10,7,28,NA1_4816424780,1154,ARAM,1698728403920,lkoo,WJ1MBUV2loXnQxZdwXu6cxuZvLjieLegLN1RwmoMGnHQhX2SiJD-B9pykSfkE_BGobV3hV9n0lECrA,Alistar,12,False,3,9,31,12743,2069,14807,1291,18168,21699,22020,2558,46278,6667,2051,3068,4401,3076,3111,2052,Jase96fang,HnghWx5G6eynnsSbmBAAnILIQCbqfeVXZfpZ4jD-EohRwNUdSIse_UbC8J0BlnGQrCBjbNUb5HwR3A,Seraphine,147,False,11,7,16,14893,1739,34741,0,36481,9186,10195,987,20369,6653,3040,3020,3116,3089,0,2052,Moomoods,ksrFPrFALwivLoTDCS2vVMbelY7340Iog7oONlxZQweaBY-LNqrGlqAwA-6H8k0NE9khEE9JslVVvg,Yasuo,157,False,6,11,15,12674,18021,1812,0,19834,17479,11852,2064,31396,3006,6672,6665,3153,3133,1031,2052,Ikoo,egPlTwqQiAHx-6EtkZIUh1McWWScr2B8Npblbs5uiUpsdafZyMJ6a4FPSLngHS6VIrh5LYf0S3Nw6w,Darius,122,False,9,13,11,13444,21764,0,2015,23779,22101,17788,3235,43125,3047,6631,4401,6333,3044,1028,2052,smartchicken,K88P_FreB68eLhResSIWADVTrWapNRy-hMHCcGd51jol3Et3ak-sclWeoXFBcTTN_5I1MdahCYmBBQ,Gangplank,41,False,8,11,13,12466,19727,4457,5228,29413,12972,9607,1544,24123,3508,6675,3158,3036,1036,1038,2052,aram yeager,N5pa6Ofd3gX9AYHTCLr9vUMaikSd6lyI6SNjiEwyk7wD-MUDtI9ipIIMZI3-JLu3swUOVLuAfgbwDw,Zeri,221,True,10,9,28,14855,26583,10178,0,36761,11167,8740,1634,21542,6675,3006,3087,3153,3085,1036,2052,actuallyapotato,59rYkD8T2UT6a4REJW3NuCgQ7dJr9FHUp4ukCMoHmqyHntBpaoS81CAuW5BhjahxEGHCBQl0DS5_tg,Sett,875,True,17,6,17,16196,33921,1875,4880,40677,32374,18611,2927,53913,3084,3111,3748,3053,4401,3082,2052,Katinka4,5u1OuQR4vRKF7Wfn6FxxPnF4Pic4-FPSAvzJquGYzMPSFuMSEZoLeekzJDwtzrrqkKqmCIxy_uJFOQ,Skarner,72,True,7,6,31,12605,13200,5292,1283,19776,17885,10248,1653,29786,3111,3748,2031,6662,3065,0,2052,Shuckle,wNZrz_iRLQUVnyoil-jSSQ3ZZd7o-bTCyYIDgBqheYtREHcZd0astsVtTKvM5-ORRt5kh9rBdiFR4w,Shaco,35,True,7,9,30,12234,1140,23188,2498,26827,9293,10660,1492,21446,6653,4637,3158,3165,3108,3113,2052,KlahrStar,yo7_jh2qIboI5mEpRZLhnd0ZHZ9GMzS6UQWSMidNkyuIuptIaat3hMihCYxJY8Eyq_AsrVvHrMpcpA,Syndra,134,True,10,7,28,13902,396,30929,1631,32957,7089,7558,826,15474,6655,3020,4645,3089,3135,0,2052
True,Syndra,134,8,7,17,NA1_4816401225,1136,ARAM,1698727092393,Area 51 Intern,6Z_hlY49WUdA7IhtSg7JUfhDTTioxVzRigfUx1_dosy9DUszXViiRAh5mh-lX5jAo_ObtHNorbR8sw,Kayle,10,True,15,7,21,14735,6245,17281,1186,24713,8605,11485,1342,21433,3006,3115,4633,3091,3116,0,2052,actuallyapotato,59rYkD8T2UT6a4REJW3NuCgQ7dJr9FHUp4ukCMoHmqyHntBpaoS81CAuW5BhjahxEGHCBQl0DS5_tg,Aphelios,523,True,11,7,22,15228,37332,882,0,38215,9328,12809,1597,23736,3072,3006,6672,1018,1053,6671,2052,Katinka4,5u1OuQR4vRKF7Wfn6FxxPnF4Pic4-FPSAvzJquGYzMPSFuMSEZoLeekzJDwtzrrqkKqmCIxy_uJFOQ,Blitzcrank,53,True,3,6,23,10974,3480,7440,1029,11949,20793,10073,4346,35213,3111,3121,3001,3083,1033,0,2052,Shuckle,wNZrz_iRLQUVnyoil-jSSQ3ZZd7o-bTCyYIDgBqheYtREHcZd0astsVtTKvM5-ORRt5kh9rBdiFR4w,Bard,432,True,5,8,31,11541,2858,18669,959,22487,9906,13029,1601,24537,6655,4629,3158,3916,3100,0,2052,KlahrStar,yo7_jh2qIboI5mEpRZLhnd0ZHZ9GMzS6UQWSMidNkyuIuptIaat3hMihCYxJY8Eyq_AsrVvHrMpcpA,Syndra,134,True,8,7,17,12429,713,17891,1414,20019,6417,11819,1597,19834,4645,3040,3020,6655,0,0,2052,W0RST ADC,wfaLXQKorSH00476DzKrzs9C_kBUJTCAQnfgMbgfkOPbak-wlIbmqGupYMA2z8It49BLYVe08CcuiA,Sivir,15,False,5,7,23,13472,27152,3132,0,30285,10265,7033,577,17876,3087,3006,6675,3036,3051,0,2052,Mindabloom,e1QNGl9vlMQgJ0XLLaT2ar3F2Btior7qkMAeb34ForrvlTuhESCugk17S72FT6r8eHU4GFDuIWO_SA,Gwen,887,False,8,9,8,12888,1982,11774,2273,16029,13384,16605,1265,31255,4633,3157,3065,3116,3020,0,2052,Nishizumi Miho,KyilaLhG7qOG9d5puBSxEs527SXL-52Bh0hgjxY9IoSMjsA8_l75qKrAtw1e_zZJcQyM9vjCHf2GLQ,Darius,122,False,14,12,7,12696,13632,0,3395,17028,20060,15511,1713,37285,6630,2051,1037,3111,3071,4401,2052,DiscoLegs,zCEPPaKkEr2W7ngGRQd7fKBswgvywvfObY88x2Za_ZkTDUM4AzH2l225tk8NJubepMypzAx_DVQ67g,Lissandra,127,False,3,10,20,11874,784,19244,1396,21424,13544,14362,633,28541,6657,3157,3111,4628,4632,1052,2052,ucandoeat,MzgbYqZ-uuYzcqQ8bX_kTV4U8Skxo_Pt8GCHrkE8OBAjVTA4gFpLraqVKg0ByJD06ks1_WuDMpBkAQ,KogMaw,96,False,5,5,18,12363,480,25064,3425,28970,4866,8652,405,13924,3040,2031,6653,3020,4637,4630,2052
False,Renata,888,5,12,35,NA1_4816371608,1321,ARAM,1698725595156,LupercaliaJ,jZwnfXiFWbWQPe-9oEXK5cuAJIzZ-Y74bVoUqVO1Y8lUftZYVcnNQCEUVXDx1WDER8qOnvhqZieZCw,Orianna,61,True,11,10,27,15570,481,35896,3501,39879,9686,9374,1899,20960,6653,3111,3135,3157,3089,3916,2052,Luśt,bdvrck68y_nhc1LUCGjbfgNmge4VOwGcKved8HCXeV7KdPNYvKzEFCL1KThCvGtcs0qKEZHbPDnKLA,Akali,84,True,17,10,21,16534,1658,35550,2741,39950,14127,16170,850,31148,3020,4636,3157,3089,4645,4630,2052,LOL Player,wa43DnUMArFnnoVWwFDFQ83uM3YKuKyi1EN-AwjPWOo_T4sCIJNLQq3q6S7uiqPRSsyEGukk4Swwgw,Quinn,133,True,18,6,25,17185,52502,4441,6408,63352,11133,14222,1518,26874,3184,3087,3006,3031,6676,3036,0,KennyPoon,Bmn0aXpXASErI822SnyB7BAd3fjf1OucVxPgFtxBuX_d_XR_vnDfHxwmbaq-n_GqIgqPD4wT8gKU7g,Lillia,876,True,13,15,33,16022,500,30502,13050,44053,17700,22128,1851,41681,6653,3020,4637,3113,3116,3089,2052,Lou EG,TWpzMEC4lThA-7ohEL44clNUhAazcG7BoQ6LLCTVTgAncwHmw8tPKWU-sUdmDwbrH120EaZZD1jG-g,Qiyana,246,True,5,10,25,13227,18647,1288,1342,21278,8851,12736,1364,22952,6692,3111,3071,6694,3155,1036,2052,Double LDK,k3QGCvfEG7eYd7CSduPtWWx-u-PoIM8fqryVOnwlVYWkYmQmmaeN724zLcWqRtwEMJak5bYUZBUM2A,Brand,63,False,13,14,20,15183,1224,36512,10730,48467,13331,25093,10529,48955,6653,3020,3116,4645,3165,4630,2052,actuallyapotato,59rYkD8T2UT6a4REJW3NuCgQ7dJr9FHUp4ukCMoHmqyHntBpaoS81CAuW5BhjahxEGHCBQl0DS5_tg,Aatrox,266,False,17,11,13,15847,28192,5749,1746,35688,20586,22297,13325,56209,3065,3082,3111,6333,3156,6631,2052,Katinka4,5u1OuQR4vRKF7Wfn6FxxPnF4Pic4-FPSAvzJquGYzMPSFuMSEZoLeekzJDwtzrrqkKqmCIxy_uJFOQ,JarvanIV,59,False,10,16,31,14569,19563,1921,9407,30892,23527,19349,18093,60971,3111,6333,6630,3156,3071,0,2052,Shuckle,wNZrz_iRLQUVnyoil-jSSQ3ZZd7o-bTCyYIDgBqheYtREHcZd0astsVtTKvM5-ORRt5kh9rBdiFR4w,Amumu,32,False,6,11,31,13679,2458,20160,2450,25069,17527,23994,3736,45257,3068,3111,4637,6665,4401,1029,2052,KlahrStar,yo7_jh2qIboI5mEpRZLhnd0ZHZ9GMzS6UQWSMidNkyuIuptIaat3hMihCYxJY8Eyq_AsrVvHrMpcpA,Renata,888,False,5,12,35,14172,1212,9623,408,11243,7469,16278,923,24671,3107,2065,3158,4005,3102,3011,2052
True,Tristana,18,7,4,7,NA1_4816345344,1146,NEXUSBLITZ,1698724236354,Zn Pray,_XhsAFiOSshHR-sgoO5BiwuWDKL-uYl4Vb443WvgaHih66ba2V2Ee5_K-271Ma_a5bJ161tyrgOt0w,Zyra,143,False,3,5,15,13553,801,19080,1593,21475,7930,12782,449,21162,3020,2421,3916,4637,3116,6653,3364,Shostakoblitz,Z6M4KSnsbq8c7zD5dwD6GfgEKeTQ0GO3kk0KENiREff9VAdq4VGt1gCfaU_Q4aANscPS0_m5JEy2PQ,Briar,233,False,3,8,9,12651,7366,1850,201,9418,12735,11994,1590,26320,6631,1055,3153,3091,3047,0,3340,Like Guma ,AOmcZTkKwMEz5jwWpsfRZAW16MfvqXSWR7bYY2yODqBsa8pwSTL3gkl43RxtasTDEWCPm0jpyzNmEg,Aphelios,523,False,1,8,12,13135,18370,739,0,19109,4480,16536,85,21102,0,6671,3036,3006,6672,3155,3363,Zn Keria,ACDIoePZlIl99cmobec_LkUSDxUlVWXIF_3WtTL2gQB_GgzJxGfT8DsWqEG1yW3LYmimMbW6c5OJ9A,Brand,63,False,7,8,13,13808,342,36127,3374,39844,3562,20376,554,24493,6653,4637,3116,3102,0,3020,3340,Zn Gumayusi,chon9rD-p3P7bF-loDAutVKlvosBE-un5LA-eL2O0-B1ms1TDWgj7XfzrL0Nxao8m2QC9jHM_dgS9g,Zed,238,False,12,4,5,18873,22462,1118,134,23716,7342,10479,684,18506,6692,6694,3074,3158,3814,3071,3364,Shuckle,wNZrz_iRLQUVnyoil-jSSQ3ZZd7o-bTCyYIDgBqheYtREHcZd0astsVtTKvM5-ORRt5kh9rBdiFR4w,Nautilus,111,True,3,5,17,13951,2880,8114,552,11547,12539,14761,1312,28613,6667,3075,3068,3111,4401,0,3340,actuallyapotato,59rYkD8T2UT6a4REJW3NuCgQ7dJr9FHUp4ukCMoHmqyHntBpaoS81CAuW5BhjahxEGHCBQl0DS5_tg,Brand,63,True,6,5,13,14934,544,21203,843,22591,8860,9295,977,19134,6653,3165,3020,3116,0,3157,3340,Avery Corvoidae,hTRx5wNnQ9yWI8ntHKRVUasu0qtlX_qimgRoOios0QItkJZOOb47zWWMpfbj2TJv4W31I2pjhfhQAw,Evelynn,28,True,14,6,7,14991,962,30542,0,31504,12480,12311,1876,26668,1056,6655,3100,3089,1058,3020,3340,Katinka4,5u1OuQR4vRKF7Wfn6FxxPnF4Pic4-FPSAvzJquGYzMPSFuMSEZoLeekzJDwtzrrqkKqmCIxy_uJFOQ,Braum,201,True,3,6,21,12727,1183,9573,0,10757,14857,17997,2358,35213,4401,3109,3190,3075,3047,0,3340,KlahrStar,yo7_jh2qIboI5mEpRZLhnd0ZHZ9GMzS6UQWSMidNkyuIuptIaat3hMihCYxJY8Eyq_AsrVvHrMpcpA,Tristana,18,True,7,4,7,16840,14603,1907,0,16510,9017,5678,1001,15696,3095,3006,3031,3046,3072,1053,3363
True,Orianna,61,10,5,17,NA1_4816319349,1158,NEXUSBLITZ,1698722870963,Papoba,sL3FInzZVmz7X1UVzCobJLzCaHNTgbwk3FLikkO1fFpUMmA5N84ZuceLYsqPkwgFhjn0U63O9kUP0w,Brand,63,False,6,6,7,14723,1152,35232,1525,37910,8816,16369,381,25566,3916,6653,3020,4645,3116,3135,3340,Jennifer,5Xfob9jOPR-BWyahExqUjNxN1mrO0QOOdvDrymKqHlu7DSZMx1BL_VePc1nNavtt2obKGiEv7fCAvA,Zed,238,False,1,7,7,13013,8370,909,634,9914,9916,9731,698,20346,6691,6696,3111,6694,3134,1036,3340,Lord Fayt,3o6sxmYyJqFw2iZJjRx143Tr_O4gLWLe2wk-f6iVjgyrhmkBEReJMQlczW-nuaQCkj-QEG2Dq0fvew,Kaisa,145,False,6,7,3,15011,12414,8168,512,21095,8243,14130,614,22988,3089,3115,6672,3124,3006,0,3363,Endlessly Mine,tuJ5mPcqKTF87f-eJb9X_7STGdLVrGAGolc6p5mOy3E6p-tSIRwh26aIG_2VveBf1oCCG_e2cV6R9Q,Sett,875,False,7,7,5,15415,20896,449,10286,31632,16017,22774,1274,40067,3053,6631,3111,3161,3071,1036,3340,triplenet,cpIXCFfT6I4Ait_tlTTQwASzHxiG-R8ekB2xPUoFRSoAd1pwZOKM9tOguOMKEYFJHKH5btN6Fjjlcg,Morgana,25,False,2,5,13,11339,836,16383,996,18215,5771,15124,601,21497,4630,3116,6653,3916,3020,3145,3340,actuallyapotato,59rYkD8T2UT6a4REJW3NuCgQ7dJr9FHUp4ukCMoHmqyHntBpaoS81CAuW5BhjahxEGHCBQl0DS5_tg,Brand,63,True,7,3,14,15954,731,36989,1987,39707,9015,7438,1869,18322,6653,3020,3116,3135,1058,3157,3340,Shuckle,wNZrz_iRLQUVnyoil-jSSQ3ZZd7o-bTCyYIDgBqheYtREHcZd0astsVtTKvM5-ORRt5kh9rBdiFR4w,Nunu,20,True,3,3,20,13984,1804,10843,329,12977,16347,16077,2539,34964,3068,3075,6667,3111,3065,1028,3340,AmISamIAm,UTPiHpp80e58tfoZjvnP7EQt5aRbBzgu0fCS7v0g0WV3Pq07ZiJths_xoxDvBLyNWH5hnifDXFi_-w,Aphelios,523,True,7,5,11,15147,34425,3060,0,37485,7140,7193,4651,18985,1055,6671,3095,3006,3036,3072,3340,KlahrStar,yo7_jh2qIboI5mEpRZLhnd0ZHZ9GMzS6UQWSMidNkyuIuptIaat3hMihCYxJY8Eyq_AsrVvHrMpcpA,Orianna,61,True,10,5,17,15148,2462,31894,0,34357,9232,10399,2343,21975,3040,6655,3020,4645,1058,1058,3340,Katinka4,5u1OuQR4vRKF7Wfn6FxxPnF4Pic4-FPSAvzJquGYzMPSFuMSEZoLeekzJDwtzrrqkKqmCIxy_uJFOQ,Alistar,12,True,5,6,15,11833,1083,5613,25,6722,12016,17190,4747,33954,3801,3111,3190,3110,1011,8020,3340
True,Varus,110,10,5,17,NA1_4813448796,1162,NEXUSBLITZ,1698470398756,Hugo BB,gHTgATp_e7TAfzaI-RsBXyuIOaYtsZwFyfkpPqS4jIdktdRX2WvfS3e3CyCjFPsqRFCwn6OWHvgv-g,JarvanIV,59,False,2,10,19,14145,12914,1144,753,14811,14035,10291,2365,26692,6691,6693,3047,6333,3156,0,3340,Valunane,RaGfCu5wt5cvwIdvE_WZB8yJX8Pv-kEM63QHrKogk0ny8bbmFJ4wQXeZQdYSSeA43m2kvG8L_bGW0g,Shaco,35,False,4,13,8,13334,6387,7475,3350,17213,17796,13721,963,32480,6691,3006,6693,6676,3035,1018,3340,Worst DMD NA,D81BdfnO4TO7tQHiPFjllHAyJt3sVPDCv372fwyAVmOteBHPyXgJ1jBpoP0sNKGsSumqsuHHkaY5TA,Chogath,31,False,3,8,16,14426,538,17047,7239,24826,19856,13410,1497,34764,6656,3165,4645,3020,3089,0,3340,SpearAce,l_-aC75GzHJjoBkNtd5hj--w0cGRkOVTjqqH_VTkgp3uByMqsYGJtlUyrWMewB2KRB52g5Xb1ssmuw,MissFortune,21,False,13,6,11,17110,27093,1141,1428,29662,14749,7943,816,23509,3814,3006,3142,6676,6694,6696,3340,brenbreń,gb_R07s2niX0fUSqAS85x0WqCmLLJVxR4zWXxDq3sa4SLNbQBjk9hPGlpJ3XlaSTcH6aP8-nc1VtEg,Kaisa,145,False,9,6,11,17472,12023,19076,2579,33680,18194,7113,895,26203,3006,2420,3124,3115,3089,3095,3340,wurmy2011,T1-1tNz2ziB6lwM_bUlBuwnuMQHamfkbJWZssY9jcmc7Du1t3ljxEr0YseKBMEsGow7A7BLBSeU_Zg,Vi,254,True,16,6,7,18745,21551,0,1047,22599,12827,8513,3733,25074,3508,6692,3047,6676,3036,3071,3340,actuallyapotato,59rYkD8T2UT6a4REJW3NuCgQ7dJr9FHUp4ukCMoHmqyHntBpaoS81CAuW5BhjahxEGHCBQl0DS5_tg,Brand,63,True,6,1,19,15858,702,25395,966,27064,11390,7542,2124,21057,6653,3020,3116,3135,1058,3157,3340,Midnight Dawn,usf_0cM7WrY9dDWh4aBeIrFvCeQRqulsRldQy9eSLkWJsohWi84hldpZI1vRPKLljclg6cBegcWXPA,Aatrox,266,True,4,8,17,14180,25965,3603,120,29689,15955,15104,9399,40459,1037,6691,3047,6333,6694,3044,3340,Cat Spaceship,yQllCeEkgpJOS8FoBSk_wruk73_Hz9H9VeHYE6njhVH3kXYbsxYWbt8pxA1oKP_lVk4x17ZMrsTgBQ,Veigar,45,True,7,10,14,15155,549,21718,1121,23388,14018,9882,1852,25752,1056,6653,3020,3089,3165,3157,3340,KlahrStar,yo7_jh2qIboI5mEpRZLhnd0ZHZ9GMzS6UQWSMidNkyuIuptIaat3hMihCYxJY8Eyq_AsrVvHrMpcpA,Varus,110,True,10,5,17,16956,25547,5803,163,31514,9151,6764,1738,17654,3042,3142,6696,3158,6676,3814,3340
True,Blitzcrank,53,7,7,27,NA1_4813416492,1003,NEXUSBLITZ,1698469155174,ZKH,_wYqAaSBSd9WO_UfdK0ZnUCiHSRFIZaq3kT7YxlbOrZFg6d_omP9r5c6INAIqf5w0iF244rXiHG9vQ,Hecarim,120,False,8,6,15,14786,17999,5965,986,24951,18970,13457,2975,35403,6691,3042,3158,3161,3071,1036,3340,SmallerThanYour,XjkZm8_Moj4W3S72TpVXobaorv6AXJml07FaEiaadBu4h5BU-oeIpSRXvjWnfpx7zhM3rkOtV-Wgvg,XinZhao,5,False,6,10,19,14740,17372,5709,2398,25480,25301,16199,1702,43203,4403,3006,3115,1038,1018,1036,3340,wakdoo,RxtDzlHPispktiREeBtiQgi-giBwLEJKgQDTzKrq2abB3k9rEdid9yfcn7P7OqYaPEXjX8dDy1Eksg,Rengar,107,False,7,9,12,12378,13557,4507,536,18602,16639,13232,2647,32519,4636,3089,3020,1052,0,0,3340,YOASOBI Idol,3m6EVCwxqbRNMx1cs8h98QIj7KTvz_O8AAJnoVTRjSkxjfSe9kuX___GjcEckpiOkWIG98HjDCIn1Q,Zed,238,False,6,9,20,13672,24064,1086,2375,27527,10931,9708,1040,21681,3074,3158,6692,6694,3133,3067,3340,Kitagawa Mariin,vUHkCx6DGwfQwDxD1-E4EDa2o4Suqg6v3jyr-mESRlqaagzMg9QxxMYBwAUm013v9G0a3kICAzJ6Jw,Akali,84,False,9,10,11,13704,1358,27770,4088,33217,17604,11772,2495,31873,4633,3020,4645,1058,1058,3135,3340,actuallyapotato,59rYkD8T2UT6a4REJW3NuCgQ7dJr9FHUp4ukCMoHmqyHntBpaoS81CAuW5BhjahxEGHCBQl0DS5_tg,Brand,63,True,8,5,23,16220,1236,31618,1722,34577,12272,3914,1124,17311,6653,3116,3158,4630,1026,3157,3340,Reverend A Love,wiEGnzA9bb61rIq-b4aslV8k8VZEdjEJ1iWQfy3-MXTpy-z4dQa6NR9LY7klKm2Nj4oCN2GCFJdm2A,Kayn,141,True,13,8,15,15873,25101,147,1267,26517,26106,11435,4135,41677,3071,3047,6630,6333,3044,1028,3340,lolitsvenum,im9JRtlQ9uqSexI5JJYcoerEc9iFQ2es4Q7Ia5JbrzXyS7pwv8jbNSboOOsGSa1FvyrO8iqvnMWUPQ,Malphite,54,True,7,6,28,14252,12790,17268,1876,31935,14085,9786,1172,25044,6662,3110,3075,1028,1057,3111,3340,KlahrStar,yo7_jh2qIboI5mEpRZLhnd0ZHZ9GMzS6UQWSMidNkyuIuptIaat3hMihCYxJY8Eyq_AsrVvHrMpcpA,Blitzcrank,53,True,7,7,27,13765,6991,11545,161,18697,17752,13337,1867,32957,3121,6667,3110,3158,6660,1029,3340,sconeman,Pr2Rghdh35HD22djUOQohj06II2YqfgIXjg9l4Uz9_czFegAklZnpERwnZRl0cutYHbZwK7BRboX2A,Darius,122,True,8,10,22,14312,19946,154,4131,24232,22540,7965,3706,34211,6333,3047,6631,3053,3742,0,3340
False,Gnar,150,5,5,8,NA1_4813398812,986,NEXUSBLITZ,1698467893661,KlahrStar,yo7_jh2qIboI5mEpRZLhnd0ZHZ9GMzS6UQWSMidNkyuIuptIaat3hMihCYxJY8Eyq_AsrVvHrMpcpA,Gnar,150,False,5,5,8,12371,11298,1776,48,13124,13320,6441,1074,20836,6333,3111,3078,3071,0,0,3340,actuallyapotato,59rYkD8T2UT6a4REJW3NuCgQ7dJr9FHUp4ukCMoHmqyHntBpaoS81CAuW5BhjahxEGHCBQl0DS5_tg,KSante,897,False,3,7,11,10722,8322,1351,450,10124,14290,9970,3472,27733,1103,6662,4401,0,3047,3193,3340,oortoomeebreesuu,C2KT1Zv-rd81FB2vqPKrrBPXVnmw70UsTbrCCeLfjl8NBQFxU7Zct88JCW8GrmPg_fEx_rhIgEMoRQ,Lucian,236,False,2,6,5,9515,11533,1410,0,12943,11824,6224,879,18928,1055,6671,3006,6672,0,0,3340,stardream,Fb1D_1MoFqkH9RzYVSYDaJBike_atC5zJCkb2AXRPOzryDLe7OrNEmdeheWS9g0s2cO5fZiT2GNbGg,Seraphine,147,False,8,7,10,11333,1518,23609,0,25128,11729,8324,1711,21765,3070,6653,3158,3116,4629,0,3340,bureiki,8y94J37qoXu0xPirwOmL71Rcvy9lXbuq5zNLHInJCUmn2E8kGZemfTbAj2B5uo5a57hhGKIaXmYNjw,Ashe,22,False,3,7,14,11942,15381,2038,732,18152,14553,9509,1366,25429,3153,6672,3006,3078,0,0,3340,Urgh,8Wz5eECVwUkJVkpoEfe3NrZ4Om5ky5S_MI4_4-RC6AEHsg0opbFJe1Bes-RSigXRmGEJrjDPhCCFPw,Ornn,516,True,6,2,13,13810,3939,6741,360,11041,16031,10339,1705,28076,7025,3047,3068,3075,1033,0,3340,13eakers,h4tM-RMFUXxveDSMpUDr0lJhJ84DSNde7xgs7aiijChKPsGUVHVJIzku5wN0Vw0I2_3Sr8sVa8CoLA,Karthus,30,True,1,8,15,12751,0,21204,2111,23316,11386,7089,2149,20625,6653,3020,3089,4645,4630,0,3340,boneless avocado,sd_FvlRGJeUwXxBzTpqDEtZC8nvskU8XVkl0EQruN5wLOuR7sAQ3HAc7wQKlypFWT-CCKa42V-xqMQ,Pantheon,80,True,3,4,12,12180,8150,325,979,9455,12547,5049,333,17929,1055,6691,3047,6693,6333,0,3340,RUNNINGDOWNMlD,mzYIK9racXSnruMBLrISCO59UlxANVaCTeJYE0AsuyRF7EZ0k3pDT3C3d5ifw3fuDGp5YNWJEULEXQ,Sivir,15,True,14,5,12,18399,39363,2232,774,42370,16205,6481,493,23180,6672,3087,7032,3006,3046,3036,3513,Fucuza,uw1NAohUNkueYgP93pu3znhODOJpp2hUTdynNNdT-_3ZGh7gl0STobxuFPaDsFTFxuVZjrEwzr7Z1w,Ahri,103,True,8,2,14,13542,1025,9092,3649,13767,11071,3765,927,15765,1056,3158,7014,4645,3102,4637,3340
False,Rumble,68,6,7,18,NA1_4813370086,1170,NEXUSBLITZ,1698466459066,TheTiberius,Xp585ypq51iD323W37iSuynPn44YvvFNaXd2im3aVB8npcCAjYlk7YmW5jO6Jh76ewQWSN65h10NaA,Jayce,126,True,12,9,23,19234,36342,12940,2643,51925,17852,12789,1487,32129,3042,6691,3161,3158,6694,6676,3340,Hisue,rGUdI235elM-_lf0ZbCcHLTOng9EA0OosoPXgSU2WYldp5yoMAj5FEz-rrQGBmPTSSyJ-3K7ugsxJw,AurelionSol,136,True,18,7,19,18232,278,36458,3476,40213,14119,12865,1001,27986,3916,3040,3116,6653,3089,3135,3340,TMACTANNER,n4NOPaoloubkLI6LdEg-moxc_1lTy84tVz3ithZwGRuyJ0qJ8eo0m4Df_JLtKfRJtqdfp64YPO9FwA,Udyr,77,True,4,12,27,15246,4907,27233,1228,33369,24046,15125,863,40035,6653,4403,4637,3145,0,0,3340,feed me orphans,jhNXT0_JTcGOWNgvwGt0xLXvDUhRn0Z9C_OiGvV54Po4BFUaRycADhT3LsaFIJv1dUd0p-Fx9C1YkQ,Sivir,15,True,10,7,22,16746,36331,3129,0,39461,16397,8265,1208,25871,3046,3082,3006,6675,3036,3087,3340,OhMyHairyPen15,SNA9xPf59J28nW8LLJ6sFv_tk-I1wv4N3euWVFaixo9S1-7Zi-FGoxcsSW4Nqw5Ol9qTF2_jXtmd0g,Seraphine,147,True,4,8,35,13332,613,19589,0,20202,12105,12145,1301,25552,3040,6653,3116,3020,3011,3108,3340,KlahrStar,yo7_jh2qIboI5mEpRZLhnd0ZHZ9GMzS6UQWSMidNkyuIuptIaat3hMihCYxJY8Eyq_AsrVvHrMpcpA,Rumble,68,False,6,7,18,17328,662,25838,800,27301,14383,17940,1357,33681,3102,3152,3020,4637,3116,3089,3340,actuallyapotato,59rYkD8T2UT6a4REJW3NuCgQ7dJr9FHUp4ukCMoHmqyHntBpaoS81CAuW5BhjahxEGHCBQl0DS5_tg,Sylas,517,False,3,9,16,14500,154,17403,128,17686,22223,17192,2622,42038,4645,3157,3089,3111,0,6656,3340,CarcbonGG,IaAWaWmi4ztaBsesP7vyLZBb8ZQTIrOZ-l4DK25xqFOUXyG3kBIL7l_2ZZLnIuh50jqQEQGij02SOw,Samira,360,False,16,11,8,18545,28533,4121,1387,34041,18364,17709,1897,37971,6673,6676,6691,3111,3036,3072,3340,boneless avocado,sd_FvlRGJeUwXxBzTpqDEtZC8nvskU8XVkl0EQruN5wLOuR7sAQ3HAc7wQKlypFWT-CCKa42V-xqMQ,Nautilus,111,False,1,9,22,11900,1754,9068,1701,12525,13701,19489,1778,34969,3105,3111,3001,3075,4401,1029,3340,RUNNINGDOWNMlD,mzYIK9racXSnruMBLrISCO59UlxANVaCTeJYE0AsuyRF7EZ0k3pDT3C3d5ifw3fuDGp5YNWJEULEXQ,XinZhao,5,False,17,12,15,18088,43641,2905,988,47535,30994,29520,3335,63851,6630,3111,3074,3161,3153,3133,3340
True,Syndra,134,4,3,5,NA1_4813351951,642,NEXUSBLITZ,1698465430759,actuallyapotato,59rYkD8T2UT6a4REJW3NuCgQ7dJr9FHUp4ukCMoHmqyHntBpaoS81CAuW5BhjahxEGHCBQl0DS5_tg,Maokai,57,True,3,2,14,7914,1386,6168,219,7773,7129,6595,3334,17060,1103,3068,3158,3067,3105,1028,3513,DannyDanimals,0i5EI52x5DTBWLW2QPiUfF_2epFDRqkvKVpxLGLbvK2aibCHTqi0RU5Xh3iv6JjrXzzGDWoEeru2LA,Kayn,141,True,2,0,10,7822,5740,0,170,5910,6529,4894,1522,12947,1103,6630,3047,3133,3067,0,3340,infernokingz,fxdjGu-ClZ1TfUmRuAFBG9SAuNdATgr1Fy4mB3LqglL3AznZebXYLPHBTjW4dKZ2JMUWx0SCdUphKA,Fizz,105,True,6,0,9,7285,1921,8372,428,10721,3981,4237,1585,9804,1056,6655,3020,3191,3108,0,3340,Ajteve,uuta17xkV1IkPuQaPjZobonrm-EOZ1yKzztHhyXZjkqfxhizo0GIsEZUENmln06nupBCv_VoqsaTNg,Caitlyn,51,True,8,2,6,7977,14142,245,0,14387,3987,2813,1053,7854,1055,3508,3006,1038,3133,0,3340,KlahrStar,yo7_jh2qIboI5mEpRZLhnd0ZHZ9GMzS6UQWSMidNkyuIuptIaat3hMihCYxJY8Eyq_AsrVvHrMpcpA,Syndra,134,True,4,3,5,6871,531,4823,0,5354,2507,3674,1800,7982,1056,6655,1058,3020,1052,0,3340,TungstenKnight,lxep53RqeMsaYOCAmrkNz5C23tQp0uavjnnY4YdlVYioEB6tehnuy-KS5EXlPUE65ThfKxSMHbaY3Q,Camille,164,False,1,7,1,5593,2806,185,1255,4248,8298,4650,319,13268,3078,3111,2031,0,0,0,3340,KittenHarmy,jOu_kaAG-fprPZKtBfSYjeKPNVMmC9agupzI53H-FYJahWSs1JI4Zmq4w9XAIbtgjPAcvkpswaOWFQ,Brand,63,False,0,5,4,6872,275,10482,542,11300,4690,4291,160,9142,3020,6653,1026,0,0,0,3340,her ad,usN6woYpTqixQueC4QqJxyFMuiYTlv20Slko72Xc6qQEaKqOLvPOqRUmrFN0q35XYzH5cmXeNpNCfw,Twitch,29,False,5,3,1,8591,6909,2875,5872,15657,5801,5477,418,11696,1056,3115,3006,3802,1028,0,3340,Asoda,VsAL0gF51fegrM3apWlW2izhT54f_Wul8jh4wRlDwdZseiIEY_dBJinf6fgFlOJYqH5uu7eoht5MuA,Yuumi,350,False,1,2,3,5462,139,6793,740,7672,3118,2331,80,5530,6655,1052,1058,0,0,0,3340,Clown Spotter,S7F-eBd9HnbzBFsX7FPmhAHjet3XmqkA-ARUt7NUZCoDeyLnQccNqjlFiuk8kLR5usPr868j6u_HHw,Naafiri,950,False,0,6,1,5632,3587,0,120,3707,8605,3581,65,12252,1054,3009,6691,0,0,0,3340
False,Brand,63,4,7,3,NA1_4813321721,778,NEXUSBLITZ,1698464385115,IDLE YUQI,G2p5Nn2lYhcs174vZyay8YKNaEtlLSHpWJTGqLO4YPoNqCJFJl01kgdhDFvI_wt3rH2E_RZcgwbh5A,Darius,122,True,5,1,6,11245,4201,573,1730,6505,6720,6337,476,13534,6631,3111,3742,3133,1037,1029,3340,sSs IlI ßøµŁ,dvMfdqxxVYDBdXMBjc-xm8-O7BHrO8btBWCdRKqGuo2SUI2jDtqHzexaGmh5qpyC9WnhBka83qBDNA,Vi,254,True,3,2,12,10902,8269,792,446,9508,4692,5480,318,10491,6692,3111,3508,3035,1018,0,3340,feetthatarehappy,m4SIUJ4RyPS1GMcDmQf9v1W9GU_dnMhACcZe7YF2usSEOUHmICSi0OoHvtwxZqUbumWmpgU0eee44g,Gragas,79,True,5,4,16,9699,870,13876,1125,15872,4691,6059,3323,14074,3070,3128,4636,3158,1058,0,3340,Barekt Obama,Ex3rsHx3xL8ovq8nLHMKfcuedpvWQe8AvZkzF5yBY51eLrUqOCFErF-qnwbqG2KWx4Z6IXoRlO78gw,Lucian,236,True,14,4,10,13829,19681,3053,672,23407,5880,8221,2048,16150,1053,1037,6675,3508,3009,3036,3340,STM Mark,x54Hsor-30NbiCArEO32B68V3JNRJKVJePqhtAqC8OW44DTHHlE6SzPFKyFoakAy7JPpi_OpwoOZbg,Orianna,61,True,8,2,16,10830,1028,15494,469,16992,3900,3683,972,8556,1058,6653,3020,4645,1058,0,3340,KlahrStar,yo7_jh2qIboI5mEpRZLhnd0ZHZ9GMzS6UQWSMidNkyuIuptIaat3hMihCYxJY8Eyq_AsrVvHrMpcpA,Brand,63,False,4,7,3,9073,376,9473,120,9970,7570,6319,956,14846,1102,6653,3020,3116,3191,0,3340,actuallyapotato,59rYkD8T2UT6a4REJW3NuCgQ7dJr9FHUp4ukCMoHmqyHntBpaoS81CAuW5BhjahxEGHCBQl0DS5_tg,Maokai,57,False,1,8,6,8022,642,5748,0,6390,12731,8390,2375,23497,1103,3068,3047,6667,1029,0,3340,don quattró,5hUCPW6AvvDQeg1tvRohvIPb3q_DGfeKFyTGCwq9wAVmGzXgFwrw0I9nmAPW8whKGVlaf3UNAFI9rA,LeeSin,64,False,3,8,2,7331,4922,933,202,6058,6281,10876,666,17824,1055,6692,3047,1036,3077,1036,3340,Xphexx,OFzjW4tR0qCc2dwYsTBkS0YvAzedTloPw8Yt9Du8BiaWzqpviX-BK9l2VtSpp2Es2ahKuc2ts6yLWA,Yone,777,False,2,8,4,9366,5604,2247,1405,9257,10439,6573,915,17929,1055,3087,3031,1053,3006,2031,3340,Phosphopyruvate,sLfaPltTdBhpqBsb-464h0se13mcVIlmivtXeJrJC8EHLt5C_KT5tWugFKKfPSJgyg-tJhgxJtXa3Q,Lux,99,False,3,4,4,9468,261,8307,0,8569,5131,3418,1209,9759,1056,2003,1026,3020,4628,6655,3340
True,Vex,711,5,2,19,NA1_4813301520,806,NEXUSBLITZ,1698463319475,KlahrStar,yo7_jh2qIboI5mEpRZLhnd0ZHZ9GMzS6UQWSMidNkyuIuptIaat3hMihCYxJY8Eyq_AsrVvHrMpcpA,Vex,711,True,5,2,19,10682,1092,14013,620,15726,7410,4523,904,12838,6655,3020,4645,1052,1058,0,3340,actuallyapotato,59rYkD8T2UT6a4REJW3NuCgQ7dJr9FHUp4ukCMoHmqyHntBpaoS81CAuW5BhjahxEGHCBQl0DS5_tg,Maokai,57,True,4,1,15,11048,1492,7994,65,9552,8586,7581,1653,17821,4637,3068,3047,6665,1028,0,3340,Afiven,_OyfDMb1bmDULQvidmAeHH17Qq_6hNIA2ZNU-rwzsztvGPSZKWSnP1xsLSu2j25svHdfZcwBq6tEjQ,Jax,24,True,7,3,10,10156,7015,4436,59,11511,7477,5077,1857,14412,1055,6632,3153,3111,0,0,3340,hi im sammy,8LD6bNFEKS6xJXwl4oFv4vOwXdYKkUXn6G9Hm_n5we47tn0z4-yqi8B0NqamIR8Ofgjv6pWh-b66IQ,Gangplank,41,True,6,1,19,13123,19231,2607,2429,24268,7177,1606,1027,9810,3508,2031,6675,6676,2422,1036,3340,Rezzzy,LQc0zO_g65PMdYOyIA3VgG5_faJoEbqmNTkw23FrenC_r7UPLxj61bP8g9knt_azmpf_jMWLT_I5_A,Jinx,222,True,14,2,13,13018,26270,1126,0,27396,6302,1986,263,8552,1055,3085,6672,3006,3031,0,3340,tywasdf,VcRt2LipK8TfdfmN6CLK8gsjxha6n4z2CTvdHojz85WRk4UdxHD743ct7aKQuVXq_WonrkPwNiAGiA,Evelynn,28,False,0,7,7,9122,525,6516,31,7073,16542,6814,238,23595,3020,4645,3152,1058,0,0,3340,Tittÿ Inspector,Wq4inhDktcX0EZ_xmL5p72o14RwcBpElgAIlv5ekTZ4PjhlIjyMPDW_BFg5P1a-i-MDaw5WmeXOapA,MasterYi,11,False,1,10,6,9927,6539,354,2461,9355,10826,9985,794,21606,3153,3006,3124,1029,1036,0,3340,peachMuncher,uUptoWdzq46ftf9D4w3LEyHRH-kVu33LkuVqkdGiwPpo-21Q7yHBPON6Zn9E5Pe2inSUzNIx7-SHhg,Sylas,517,False,2,7,2,9826,237,8939,840,10017,13732,6286,825,20844,6656,3158,1056,4645,3191,3108,3340,Kageboshi808,MTJJAO_39UF43oY9Km-vNgZwC-BgcX7ucbKGuSWKLohVUqUkUqI8hrONKhhGYsTElsina9ce-7zRqQ,Jhin,202,False,3,5,2,11544,8595,439,0,9035,9470,4115,675,14260,1055,3095,3009,3031,3094,1036,3340,AnimeLover69,uRIrHpvB_aabhCt4-drECbcyW7n3Du4I9Bdu9XkeHFG75J1_QhLstUo0NYEVKiuXBoN9yqqXc39ZWQ,Gangplank,41,False,3,7,2,9655,7333,1404,2373,11111,14616,3891,639,19147,0,6676,3508,1038,2422,3133,3340
True,Maokai,57,5,8,32,NA1_4813276873,1161,NEXUSBLITZ,1698461923466,Xen0XIII,iBjmTETcIjyN5xjFTylaLGz9ik8dshq8hq8vEti61cjgoqSiyDJcOFuk2i4_aJpaRfb9PHeTQCoX4Q,Warwick,19,False,8,10,13,16467,8535,15343,773,24653,31771,12861,2069,46701,6691,2421,3153,8020,3135,3020,3364,Mr Right is Here,Np_oHrORGitKwJXkdgJwFWOClODd2M7seYOZ-v3AnShNDi43nvV-orBYlfLd6xQMrDhW9X3r_oc4Vg,Kaisa,145,False,6,11,18,15995,30571,8453,694,39719,20189,11403,863,32457,6672,2421,6675,3046,3115,3006,3340,PeachyNini,RqBKDvNwf6-seKBz7XU4IIlUDG_gLGU2EbPKXZRq3ailE0pewQhXBT_qqkStV3izCJRqFKte4GhkgA,Zyra,143,False,4,11,24,14498,1369,33282,75,34727,20662,6252,469,27384,6653,3116,3020,3135,4645,0,3340,Talisman07,fKyQP6G7-DFlHCC5jPCv3uAT0q6z3m2iBhzw2JsQFm3QHaVHBvteD4oZGD2Ex-CTihBUEj5UO7V5iQ,MonkeyKing,62,False,12,12,13,15105,30889,4906,224,36020,34332,15305,1341,50979,3071,6632,3047,3074,1031,3133,3340,Graveyard Shift,WixWm6BZ1RQRSvy5nnCi20iwOa6Zp4qLo9VBjF4X-SgEGLDjcfrF1YHFjhimjcowaahMQQRdn-xDEA,Twitch,29,False,19,11,16,18471,15033,17289,25176,57499,24394,14036,811,39242,4635,3115,3157,3089,3006,3135,3363,KlahrStar,yo7_jh2qIboI5mEpRZLhnd0ZHZ9GMzS6UQWSMidNkyuIuptIaat3hMihCYxJY8Eyq_AsrVvHrMpcpA,Maokai,57,True,5,8,32,16091,2780,22179,260,25220,25909,22166,8063,56139,4401,8001,6667,3068,3065,3158,3340,actuallyapotato,59rYkD8T2UT6a4REJW3NuCgQ7dJr9FHUp4ukCMoHmqyHntBpaoS81CAuW5BhjahxEGHCBQl0DS5_tg,Zyra,143,True,4,10,28,14725,1671,23933,926,26530,16681,12325,2432,31438,3020,6653,3116,3165,1052,3157,3340,Siwen degenerate,5kx9d8gASGFXBoLKSQb4hUmXSuvj2edFWASOUHqdeHud74W-WORa4dloZnzGH2E9IE57U5js58ZpVA,Jayce,126,True,17,9,23,17993,34518,10190,133,44841,13167,14830,7531,35529,3042,6692,3156,6333,3111,3067,3340,About to Leak,idPZEgTFYm1QhIQYVHhD--Ve0Wd9VrsW4xoxrpTwzr5YIz7FxAETHu3TZwqiiY0MesN_b5Sxf2j-Zw,Urgot,6,True,11,14,16,18770,29325,171,1802,31298,22944,19012,7898,49855,4401,3071,3111,3074,6665,3053,3340,e621 gaming,2HRfncoHPCwjyzXuXZ5YP1fGj5SkPVS2bO4W6f_kR9bFLcomhWW1F23-xFeIzWRcev_7LneOJshYIw,Caitlyn,51,True,18,7,16,18545,45447,1468,587,47503,21720,12032,2937,36691,1053,6676,3006,3031,3036,3072,3340
False,Fizz,105,4,7,7,NA1_4813257404,535,NEXUSBLITZ,1698461184601,actuallyapotato,59rYkD8T2UT6a4REJW3NuCgQ7dJr9FHUp4ukCMoHmqyHntBpaoS81CAuW5BhjahxEGHCBQl0DS5_tg,JarvanIV,59,False,3,7,7,6715,7164,418,23,7606,8908,6158,2146,17212,1103,3111,3067,0,0,6630,3340,KlahrStar,yo7_jh2qIboI5mEpRZLhnd0ZHZ9GMzS6UQWSMidNkyuIuptIaat3hMihCYxJY8Eyq_AsrVvHrMpcpA,Fizz,105,False,4,7,7,6825,2299,7750,170,10220,5839,5147,1602,12590,1101,6655,3020,3191,0,0,3340,cr1ss de tbnkk,BY9tJLB8gLUbNGRIYBCpTkB4Vc4IX0DnDojGyg7t8KtVAQ93SKbiQny1qaRe3nlICSmVT18ivkcHOw,Darius,122,False,2,9,7,6183,9189,0,1553,10743,11060,5410,1850,18321,6631,1055,3009,3066,1029,0,3340,Deyra,M5Z59mCT7vdgShlpRpnpnRBz7Z33PSUaT6m6ZK85gCW_kGWKZMILpDIrbb54I9pzEdrF4MEeibejuw,Pyke,555,False,5,6,6,6068,6332,0,849,7181,3562,5848,1516,10928,1055,6691,3134,0,1001,0,3340,e621 gaming,2HRfncoHPCwjyzXuXZ5YP1fGj5SkPVS2bO4W6f_kR9bFLcomhWW1F23-xFeIzWRcev_7LneOJshYIw,Sivir,15,False,5,5,4,6832,10070,87,178,10336,9242,1439,949,11631,1055,6672,1018,3006,1037,0,3340,iGTopia,_z1r6mn3XtwfZkbD0gstzsq_uHmoTfm13kZm-62ngKJjiJkMpjLYc5oNF0tOWlqu4q1ArzCs17g4uA,Sylas,517,True,4,7,11,8121,622,6857,514,7995,13300,2054,1376,16731,0,4636,3145,1058,0,3020,3340,MISO SOUPID,uIBhM2jHBOw1gDAHXqowgFunlOGcR_LjpIVUKNYtZ71DnllH_ScvacYf6RptUFHK7NvTzgeJqHRNbQ,Maokai,57,True,4,4,12,7095,1364,6572,479,8416,9592,2488,736,12817,3047,6665,1028,0,0,0,3340,Warrior Goddess,AqGyf-8NVKLrHVJaAci1mUAchlf7DYyUbDIVsOR3vgv-j22tgRY64thFahRbmBZWNct1oxvIyGYCYw,Sett,875,True,15,4,7,10721,17804,0,4098,21902,11950,1945,1423,15319,3047,6631,1055,1037,1036,0,3340,Cheezburgers,8QGUcUT_uFu5kIawBSbW40rKqu34Ww2LgybcZ_cqk7WJPIqvpmZMAGKLdWPQUxWidmlsrlaMTstK2w,Swain,50,True,2,4,19,6858,1358,9574,911,11844,9601,2949,453,13004,1056,6653,1001,1052,1028,0,3340,masteroflols,CLZextrsFBShsOBvar-1FChXit7nZsqNzsaayOoNjh7lde_LIh7u3MAhNWUYTQH9rpn7GMSKWx8_tg,Riven,92,True,9,0,12,7880,13622,292,1356,15270,7281,444,334,8060,6692,3133,3158,0,0,0,3340
True,Zyra,143,0,2,6,NA1_4813247827,548,NEXUSBLITZ,1698460441611,actuallyapotato,59rYkD8T2UT6a4REJW3NuCgQ7dJr9FHUp4ukCMoHmqyHntBpaoS81CAuW5BhjahxEGHCBQl0DS5_tg,JarvanIV,59,True,7,0,7,6892,7521,717,554,8793,5272,2009,151,7432,1103,3158,0,1037,0,6630,3340,Paper Lotus,HcfpKtW2eoikGAdsT4cWqvrWQlOf2LtkKkw6UjXINDmVnnf3K0Rctoi4j9oVzBBIyeX65O8a4jz78Q,Malzahar,90,True,3,0,9,6913,840,5488,335,6663,1651,663,14,2328,6653,1052,0,3020,0,0,3340,KlahrStar,yo7_jh2qIboI5mEpRZLhnd0ZHZ9GMzS6UQWSMidNkyuIuptIaat3hMihCYxJY8Eyq_AsrVvHrMpcpA,Zyra,143,True,0,2,6,5064,969,5719,386,7074,3257,1211,98,4568,1056,6653,3020,2031,0,0,3340,Kaijiro,pxqaQoJ0yTovnJ_mxgH876zM8HtNTQbc9kpv2kWaNNWxvLsO-omiB4UogoQF_ph_6amMOAkSHf7akA,Cassiopeia,69,True,8,2,4,6702,377,8359,0,8736,6131,1776,158,8066,6656,3070,3116,0,0,0,3340,Akareee,vXb9vbc_tFb3M92vf8VADKafIuiHujKnC5nZfZTkh9MO5ZdGrwndxDKXimhltPiGQ2H6GuDlyDhzMQ,Qiyana,246,True,2,0,4,4755,6498,515,321,7335,2525,1132,57,3714,6691,2031,0,1001,0,0,3340,Gnarles Barkely,dFAIWvaKIqENcf1Pd-BOV1lW1VSNm9r4OyOTulWM5qcpzSyMrjtTZna0k0Fy6VCCdd3VUZEiaxZItA,Viego,234,False,3,5,0,5465,6795,1198,40,8033,5818,5838,82,11739,2422,6672,3051,0,1102,0,3340,Spyker,n4TFOUwlF0sa-mY2u17e1k6ww_jnoo-rcYa96IVaaoSlpdn1I9fVMLxezLxjPiQR2mMyng4OYf0Q3w,Kayle,10,False,0,5,1,5175,835,1046,163,2046,5244,4415,78,9738,0,3006,3108,1026,1043,0,3340,Jengis,vIDOo4O6xTs0Hu2hax2heHDK8i8pSp-aK2_emain4QOACPZuyMoJ3MGl8sk8dcsk0-J_oDHCgsU5Og,Caitlyn,51,False,0,3,0,4487,2176,101,63,2342,3174,2668,121,5963,3142,1042,0,0,2422,1055,3340,Ketarak,yEIK9QGeR_sed_eVTJLm_TSHycbBH9HTiXrES86MzDpWIlKaIMkKAiPGMWWCSC0QK8_p-9njK98ZrA,Senna,235,False,1,4,0,4249,3029,49,0,3079,4129,3879,419,8428,1055,3006,1036,1043,1036,0,3340,Bogdanoffs,mwfSap0hx6cMkJHt1rHpfGMNgVSXnprRvQ4rH_b305ipIuWdu4CEi86n23ezWjb6dqVENkYyLk9oIQ,Zac,154,False,0,3,0,3641,338,3545,126,4011,4268,4908,1154,10332,1054,6667,0,0,0,0,3340
True,Orianna,61,13,5,22,NA1_4809506199,978,ARAM,1698120225693,Archer Kurby,4bDYAk4-A1bbHOBdxE_OzLgPHdvluZ5t_sqqcA0pfnOeRVwCG2y8dyMxfmpg4ZQm2E_dWk4WNdn0Ow,Janna,40,True,1,2,35,10465,925,7325,208,8459,3003,4887,216,8106,6617,3070,3114,3089,0,0,2052,actuallyapotato,59rYkD8T2UT6a4REJW3NuCgQ7dJr9FHUp4ukCMoHmqyHntBpaoS81CAuW5BhjahxEGHCBQl0DS5_tg,DrMundo,36,True,2,7,24,10191,6611,13015,267,19894,23547,15162,1349,40059,3065,3047,3083,3105,3067,1028,2052,Katinka4,5u1OuQR4vRKF7Wfn6FxxPnF4Pic4-FPSAvzJquGYzMPSFuMSEZoLeekzJDwtzrrqkKqmCIxy_uJFOQ,Nasus,75,True,14,6,14,12831,15456,4656,86,20199,19791,13031,4931,37754,6632,1006,3111,3110,3065,3066,2052,Shuckle,wNZrz_iRLQUVnyoil-jSSQ3ZZd7o-bTCyYIDgBqheYtREHcZd0astsVtTKvM5-ORRt5kh9rBdiFR4w,Veigar,45,True,11,8,22,11813,1921,18430,447,20799,15393,20517,1190,37102,4637,3158,3001,3070,3083,1052,2052,KlahrStar,yo7_jh2qIboI5mEpRZLhnd0ZHZ9GMzS6UQWSMidNkyuIuptIaat3hMihCYxJY8Eyq_AsrVvHrMpcpA,Orianna,61,True,13,5,22,13572,1050,22876,708,24635,6346,5757,291,12395,6655,3020,3040,3089,0,0,2052,Lubble,3FPdIrOy-OZnc8LxsKjGY31eECeAnnYJBzN3s1KXOme8EvkZ9eVNJrN2zmNmt46eTzcCQ2o943Iw4g,AurelionSol,136,False,5,7,17,10754,51,27725,1476,29254,5425,16864,90,22380,3040,6657,4630,3116,3020,0,2052,Vigil7,3GnKSsrkX4QvS0oUEmi-OibC6OaNQNi7oONOa36J17HBPuGTh87mxf_DyKeGxP15nzyjt3ZBp2euRQ,Riven,92,False,3,10,13,9321,16267,524,627,17419,10520,11863,1415,23799,3111,6333,6630,3067,1036,1036,0,eunoïa,Iu01X3qdXqt_2zPxNMcGQwNWo7ffsSrJ8MsmcICPeffhmrG4MeZJQog_blo0RIeaVRcEPO4FAUd7Uw,Ashe,22,False,4,4,21,10538,17353,5663,1204,24220,2032,7099,65,9196,4005,3042,3158,6695,3802,1052,2052,Buttered Custard,2gQW3k22g-yYarZdLV1Ie_9a6CE_1Oybt8QrzOGsvfVDnsehfkkI-F8UBSGz_9oUEFL4k9vdNRweTQ,Gragas,79,False,5,11,16,9611,1655,22418,670,24743,8072,15309,150,23531,6656,2420,3916,4629,3108,3111,2052,rain and jazz,ZslFA8wVQwbP7nPBYhgeLtcN3wa3HSInihH_MbESvf7aEcgjUMwi7FZibGNYPVVXJdhy9LQqWiPrXg,Jhin,202,False,11,9,6,11421,22300,3024,0,25325,5982,15168,60,21211,3036,6671,3095,3009,1036,0,2052
True,Neeko,518,10,7,25,NA1_4764596867,1185,ARAM,1693866488358,BERJER,I6atlWy8rby09I7qSlnfrbpJWr4FT0ZxNrMfh-jBnpPpM7Dpv3OfR8C430GP6kx_cg4M3Zvh8EA_iA,Malphite,54,False,7,13,9,11941,2805,22941,835,26581,15718,12611,674,29003,4645,1052,0,3089,4636,3020,2052,Darlim,xRi4QE3XBf8SlV6qBMMZBVMq7ay_ROhx9I_4h-jeJUOuKFwmPzM-2RkLAdLcx_ZR_5bBnxQPyjz8VQ,Kayle,10,False,10,10,13,15590,6272,28750,2967,37990,19302,10855,401,30558,3006,3115,4633,4629,3135,1058,2052,SUPKlNG,OWjOzK9lnLj8WTFxU8vrjotGfDfpQw-kfZT0fkyiiQ3r59l6h6pyPHzICzS8pgMiS8yDtRr3vUsiIQ,KSante,897,False,5,11,19,12293,19404,4889,2924,27217,19503,18963,2569,41035,3193,6665,3111,3068,3076,1011,2052,nylez1614,0mFzMXowkbiqLLEEVAJkyKoN97LnfYHxDD6f_FuhUtD9R87qZ_WOuOPkrnOurwN9OTY_C_A24Fj03Q,Zed,238,False,5,11,12,11234,19587,1342,684,21614,13583,11090,897,25571,6691,3814,3111,6696,1036,1036,2052,Ekko Morales,qWOwYUyuFYmPmeboafbH7NPgfwrpvPnpsW3EMsZbsWrrFPR69uYq9ualxOi6fKKOVZoTyTU9VqH7hw,Lulu,117,False,1,9,23,10943,1561,6111,0,7672,6421,14821,943,22185,3158,3222,2065,4005,3504,0,2052,actuallyapotato,59rYkD8T2UT6a4REJW3NuCgQ7dJr9FHUp4ukCMoHmqyHntBpaoS81CAuW5BhjahxEGHCBQl0DS5_tg,Pyke,555,True,15,5,22,14449,14705,283,3886,18876,11055,14431,1307,26794,6691,3111,6696,3814,3156,0,2052,Katinka4,5u1OuQR4vRKF7Wfn6FxxPnF4Pic4-FPSAvzJquGYzMPSFuMSEZoLeekzJDwtzrrqkKqmCIxy_uJFOQ,Jhin,202,True,18,6,27,17318,37923,1584,88,39596,12186,11414,737,24339,3009,3072,3134,6676,3031,3036,2052,Shuckle,wNZrz_iRLQUVnyoil-jSSQ3ZZd7o-bTCyYIDgBqheYtREHcZd0astsVtTKvM5-ORRt5kh9rBdiFR4w,Udyr,77,True,7,5,36,13737,4414,21605,700,26719,16483,15869,2564,34917,2051,3111,3065,6665,4637,0,2052,KlahrStar,yo7_jh2qIboI5mEpRZLhnd0ZHZ9GMzS6UQWSMidNkyuIuptIaat3hMihCYxJY8Eyq_AsrVvHrMpcpA,Neeko,518,True,10,7,25,14833,1639,33619,810,36068,8509,11753,1227,21490,6655,3157,4645,3020,3089,0,2052,Flash Assault,INsAizL7wwEM5h2vQtY7oI-KmVafDLS0gU11tsNCl8e3L5qt4fUbvUsdO9FTiDTBdpSVlOVWtpoJ2w,Sona,37,True,4,5,41,12671,1954,11248,0,13203,8889,10565,1574,21029,6617,3040,6616,3158,3504,3057,2052
True,Poppy,78,7,11,32,NA1_4751976963,1375,ARAM,1692582119831,actuallyapotato,59rYkD8T2UT6a4REJW3NuCgQ7dJr9FHUp4ukCMoHmqyHntBpaoS81CAuW5BhjahxEGHCBQl0DS5_tg,Tristana,18,True,24,11,15,20094,49981,2174,0,52155,12153,16484,739,29377,6672,3072,3111,6675,3036,6673,2052,Shuckle,wNZrz_iRLQUVnyoil-jSSQ3ZZd7o-bTCyYIDgBqheYtREHcZd0astsVtTKvM5-ORRt5kh9rBdiFR4w,FiddleSticks,9,True,7,12,28,14682,212,27239,115,27566,11910,21882,561,34353,4636,3157,3165,3065,0,3020,3330,Katinka4,5u1OuQR4vRKF7Wfn6FxxPnF4Pic4-FPSAvzJquGYzMPSFuMSEZoLeekzJDwtzrrqkKqmCIxy_uJFOQ,Rammus,33,True,6,13,21,13744,2507,12703,0,15210,15049,25574,1305,41929,3111,3109,8020,3001,3075,1057,2052,SuperSoakMe,f8c8wAn_9ceCxe7ZWbwoChsm83XsuoEjRlZYHNHhLJt8muuCJRE0dsXywGeRLnmlg28vH5yS5kMZkw,Azir,268,True,14,10,28,18537,776,40091,0,40867,10888,17555,423,28867,3089,4645,3020,6655,3115,4629,2052,KlahrStar,yo7_jh2qIboI5mEpRZLhnd0ZHZ9GMzS6UQWSMidNkyuIuptIaat3hMihCYxJY8Eyq_AsrVvHrMpcpA,Poppy,78,True,7,11,32,15328,15908,4293,1361,21563,16932,28325,1232,46489,6665,3047,3065,4401,3083,1029,2052,Adood,AAL4DR0QaKNwIw0ZePQQALUeds-bMdoqFHEqdjVHiYZsTGZLL4IUxh15y-en37xdPGghmiviI1AVXA,Alistar,12,False,6,13,43,13908,1573,11249,1048,13872,35352,15055,200,50608,3111,6665,2424,3121,4401,3068,2052,Riri no Meiro,1PEGGH1rz1yfDgJWBncjm5DqapRNszm26TgxYOO9xPUKOT_Rh0DdbJ0P8tZxrxZoEszQsrWv5v7d-g,AurelionSol,136,False,8,12,42,16407,225,46774,435,47436,11082,16978,105,28165,6653,3112,3040,3020,3089,3135,2052,Reiketsu Shinobu,UfS1tCq6Yu0_lipLcfIfB_UacYhV0YWndpZxr2A0OklzaQ7toUa3coP0idq4qoT5E-jauMXw6Ql0Jg,Hecarim,120,False,9,13,30,14901,21180,4636,0,25817,16372,23257,301,39931,3042,3177,3158,6691,3074,3133,0,StrawHat3D2Y,re-fR_6RhBFlEuKKkgq0usb5fEC7n2ZXXpSHE7TDEJt_3bFz804c9Ra8t_bqoS1SlESssf_rV_5Mug,Jhin,202,False,21,9,22,19313,32096,1053,431,33581,10634,14459,200,25293,6676,6671,3139,3094,3036,3009,2052,MichaelSark,pNDn6SwNtyacp8zz5QNGrl4hNJZC7lbO1IGnRDZ-GggpUbq2bqTurhw-XruVbIF7i-3ZlGoRqhgEJA,Brand,63,False,13,11,28,15998,716,46107,2296,49120,9321,16751,670,26742,6653,3020,3116,3089,3135,1058,0
False,Lissandra,127,9,16,26,NA1_4806434830,1457,ARAM,1697859099360,Philo,neEOxtU0TAMsQJhf2LvXyInArMTeECyF02LPVkatzOpjezhKWIQhcPPQlUD1qBEp6W1PywdIJoJrHw,Sivir,15,True,11,17,61,17651,31506,3593,547,35647,26456,17050,2333,45840,3087,3006,6675,3046,6673,3072,2052,Deep Banana,2XRVpztF0vgBCD-ygFmZR6bieRlpNEnc77RISphPGkze89ppHwW7ZuJoHQta7XDe2_YY34D1Pr0pwQ,Caitlyn,51,True,28,12,47,22280,57446,1459,4702,63608,19625,13671,1135,34432,6691,3094,6676,3046,3072,3036,2052,seamusn,PF710ReJS01LR-kCLv465y3czNJMPIy1jWOdEc0f2keVSPyiZXPHNkebAF-qYhH_MmKzXqLG81qhkw,Rumble,68,True,15,16,55,17565,1971,43746,3174,48892,20621,14101,1898,36621,3157,3089,3020,6653,3102,6696,0,HUhuhuhuaaa,gEDPq_0QCn9tt9eYGl9InmLQstAayY1Jbc9GBzmeNRp9pDdslFwtajPpIVk7LDazA_CFyzWprjii9w,KogMaw,96,True,25,14,43,20045,2024,55387,6686,64098,13945,20113,1719,35778,6655,3020,3040,4645,3089,4628,2052,Dundas W,r6OSWCK-G-9yi4zlweX49_QxCb6QOOBUohGEtjyqqr6YMzAeyR7dtO1fAjMAdk5Put1ktOgsEAgfCw,Lux,99,True,17,11,56,18704,787,47376,2835,51000,16151,8105,859,25116,6653,3158,4645,3089,4629,3135,2052,KlahrStar,yo7_jh2qIboI5mEpRZLhnd0ZHZ9GMzS6UQWSMidNkyuIuptIaat3hMihCYxJY8Eyq_AsrVvHrMpcpA,Lissandra,127,False,9,16,26,16288,1392,21586,2065,25043,16332,33754,2163,52250,6657,3157,3158,4005,3102,3089,2052,LYCHEE BREEZE,JA5remOsC4Suc8Ewqyk58clpWWx1PyUYxQBLDq-1AN5LjVBHiJ8N9gsc8JH4OxN1Hil_TvD4-uGIlQ,Draven,119,False,29,19,18,24489,57301,0,546,57848,21875,28338,1062,51276,3031,3072,6695,6676,3508,3006,0,NaughtyRawr,H-QvV-rRqHDWiY4xw5itO_zs_f6Mq9E9VFBN1POmVfC7hIuHx4OaSNIjfB-9fqBBkFlvSL21RAQ5lA,Vex,711,False,14,17,23,15927,581,29646,1229,31457,14813,18721,2018,35553,6655,3020,4645,3157,3108,6696,2052,A1Sauce,UwqHzK8tHpqsEpTncRGFMEcphtopa9fHSxTWozYWGM7fQMEHsVfFN35Jw97Fo_XLBOyjvfW--Qk3Ow,Illaoi,420,False,8,27,33,16159,30372,283,1675,32331,26827,37450,10642,74920,6662,3111,3105,3053,4401,6333,2052,FouPierrot,-t6SOCvGSQK33Wrbkhqm5WLnuTG12QYXs_KMMzJr113EXKr3uk5XFW7CdwJHgrW6_tSDQ7jiyMDM8Q,Mordekaiser,82,False,10,17,19,16783,2145,21524,2175,25845,27242,33299,2256,62798,4633,3111,3116,4637,3065,3075,0
False,Zyra,143,0,11,35,NA1_4809404713,1588,ARAM,1698115435285,Riles175,4Z6KqBjGMnQCBYz0Qf0LW7gB7xvc-1jCDepZm8ThRor_-qpBSHpNQHZ9xJEtkDpV2go_Q_dxMMwfnQ,Graves,104,False,25,12,17,24078,70704,2747,2716,76169,14236,19014,1868,35120,6676,3074,6696,6691,3036,6695,0,actuallyapotato,59rYkD8T2UT6a4REJW3NuCgQ7dJr9FHUp4ukCMoHmqyHntBpaoS81CAuW5BhjahxEGHCBQl0DS5_tg,Mordekaiser,82,False,7,12,27,16518,3423,36615,474,40512,25577,25244,5305,56126,4637,3047,3116,6665,3165,3143,2052,Katinka4,5u1OuQR4vRKF7Wfn6FxxPnF4Pic4-FPSAvzJquGYzMPSFuMSEZoLeekzJDwtzrrqkKqmCIxy_uJFOQ,Nocturne,56,False,16,13,16,18511,33920,1718,2961,38600,23951,18688,5526,48165,3047,3074,3814,6691,6676,6695,2052,Shuckle,wNZrz_iRLQUVnyoil-jSSQ3ZZd7o-bTCyYIDgBqheYtREHcZd0astsVtTKvM5-ORRt5kh9rBdiFR4w,Malphite,54,False,12,16,22,15906,2854,34329,1255,38439,18776,20836,2029,41641,4636,2420,4645,3089,3135,3020,2052,KlahrStar,yo7_jh2qIboI5mEpRZLhnd0ZHZ9GMzS6UQWSMidNkyuIuptIaat3hMihCYxJY8Eyq_AsrVvHrMpcpA,Zyra,143,False,0,11,35,15554,638,36127,1144,37910,8305,18157,739,27202,6653,3020,3165,3116,4637,4632,2052,Korean BBQ Beef,t734mYrk3WT60dZiGZgFyJW-B2Pw0Pb4GxqDPQMwaKJNDxBHB1KuOSicN9nW5FPrBlY3RvqOupQqOA,LeeSin,64,True,19,13,30,20684,35117,12430,785,48333,31900,23173,4207,59280,3071,3111,6630,3074,3156,6333,2052,Eaglian Noons,p7mI1cd7AvNa6DUUxfUtmg-T5l_n2h3pjrxSb-dnUvFHLjGYx6qVZUehkQ1XwUbIOV53gYT9a29KCA,Corki,42,True,16,13,27,20416,6158,48099,0,54257,9799,22000,706,32507,3074,3042,6655,3020,4645,3135,2052,partset,FgpzfppOHUsLO5oywiefTMIxZNRxt-83SWYap9m_PQgq9MP_Ub1rAWRnOXcQS21cwUBEZLsJuzyPHQ,Ivern,427,True,3,8,50,16142,3079,10685,292,14057,18155,16421,683,35260,6616,3083,3107,3504,6617,3158,2052,Bilsonguy,rxen-WOA0wcOfTFo0AVh6RX5n_TAzwmSsyFjfbYONtHbZGheEWPp96VZJ1bd0OZkRorRrOsa2lifQg,Chogath,31,True,16,12,30,18334,13769,25524,8761,48055,49308,37248,2018,88575,3084,3193,3748,3111,3083,3075,2052,solitariy,bTN-4JNuQ_YdJ1B9urxIwdQw5KtY24_Skj6GyMprjdk0DiovQ9zet6YFgDrLigPml8YOVq2tG5JBhg,Twitch,29,True,10,14,30,17421,25943,5200,4630,35775,22049,12696,1346,36092,6672,3139,3006,3124,3153,6673,2052
False,AurelionSol,136,17,7,11,NA1_4764638193,762,ARAM,1693869654854,pernerple,fuXPB5g0oGbOxe4kdO9TiRqlaWeup8Zl7BXlEQW4DnMmAS3KjmHxjaxC4nBlr4HnP6BwAeNf0fQ1aQ,JarvanIV,59,True,4,7,26,10059,17555,755,0,18310,8848,9385,332,18565,2031,6630,3111,3156,1031,1036,2052,QuinnOnlyTop,_S4KV2rGfSBp9qkAQI47Ag1NnQp_VykA_ABcnKomPg8QpdndruxjIzaZIckad6KdtCP-Q0HxLuZGhg,Shaco,35,True,1,9,13,8292,5040,3699,493,9233,4476,8192,313,12982,1038,6691,3006,3134,0,0,2052,Fairy Bunny,-vqMzrl0TgsCvF2cf7-BJgDIOupNw1ppb4gPFBV3_V-Iu_SJ34B7Y3PERpKhs1ao4xsr0HeRPnCP9Q,Zoe,142,True,5,6,21,9851,1209,21744,2349,25303,4304,5702,53,10061,6655,3070,3020,4645,0,0,2052,saddhu,pVi3ddcGILKRQC0Xv9h-uPc7dwAPWYhRGJsuNdF6BiN4BJUIEie28KHWpWaPoY5bu7grwEclEwyT6g,Xayah,498,True,5,5,17,11464,31232,0,0,31232,4385,6631,257,11274,6672,3006,6675,3035,1018,0,2052,Akusei,t30pdijJmXov_SPKH8fAyflH7NIfbqrox-RdwWeIhd5X4z9u7dLA3AFKO3C72-puFu9_XSANN-kKkg,Pyke,555,True,20,6,9,13369,13821,0,3828,17650,6806,8162,475,15445,6696,3158,6691,6676,3814,0,2052,CDC Kenny,KnU_0nC9yFhvXMWzU70rs3YpYuJmOi4wxD4u6f9_TGr8CEU7lpfvlol5v3P171JZuOHrrkLOprR6RA,Heimerdinger,74,False,5,6,21,8821,389,15580,435,16404,5692,2988,1350,10032,6653,3020,3165,0,0,0,2052,actuallyapotato,59rYkD8T2UT6a4REJW3NuCgQ7dJr9FHUp4ukCMoHmqyHntBpaoS81CAuW5BhjahxEGHCBQl0DS5_tg,Rengar,107,False,7,9,22,9652,10941,2903,0,13845,28281,6512,1343,36137,2051,3047,3084,3748,1029,1029,2052,Katinka4,5u1OuQR4vRKF7Wfn6FxxPnF4Pic4-FPSAvzJquGYzMPSFuMSEZoLeekzJDwtzrrqkKqmCIxy_uJFOQ,Morgana,25,False,2,6,26,8111,1492,8044,280,9817,10963,4308,1296,16568,3158,3157,2031,2051,3067,3802,2052,Shuckle,wNZrz_iRLQUVnyoil-jSSQ3ZZd7o-bTCyYIDgBqheYtREHcZd0astsVtTKvM5-ORRt5kh9rBdiFR4w,Trundle,48,False,2,7,18,7437,4410,1125,280,5815,21044,6885,1593,29522,2051,3047,0,3083,3067,1031,2052,KlahrStar,yo7_jh2qIboI5mEpRZLhnd0ZHZ9GMzS6UQWSMidNkyuIuptIaat3hMihCYxJY8Eyq_AsrVvHrMpcpA,AurelionSol,136,False,17,7,11,12063,409,10421,437,11267,11052,5504,1088,17644,6657,3020,3040,3116,3191,3108,2052
True,Alistar,12,4,9,34,NA1_4751949863,1161,ARAM,1692580692978,actuallyapotato,59rYkD8T2UT6a4REJW3NuCgQ7dJr9FHUp4ukCMoHmqyHntBpaoS81CAuW5BhjahxEGHCBQl0DS5_tg,Urgot,6,True,13,11,25,15203,30460,606,3376,34443,15662,16708,6656,39026,3748,3111,3071,6665,3076,3053,2052,Shuckle,wNZrz_iRLQUVnyoil-jSSQ3ZZd7o-bTCyYIDgBqheYtREHcZd0astsVtTKvM5-ORRt5kh9rBdiFR4w,Senna,235,True,13,8,30,16216,21811,5827,0,27639,10626,8863,3115,22605,6672,3036,3124,3111,3072,0,0,Katinka4,5u1OuQR4vRKF7Wfn6FxxPnF4Pic4-FPSAvzJquGYzMPSFuMSEZoLeekzJDwtzrrqkKqmCIxy_uJFOQ,Sejuani,113,True,11,9,25,14017,15307,8717,746,24771,20757,17390,10319,48466,3083,3068,3143,3111,6667,0,2052,SuperSoakMe,f8c8wAn_9ceCxe7ZWbwoChsm83XsuoEjRlZYHNHhLJt8muuCJRE0dsXywGeRLnmlg28vH5yS5kMZkw,Zilean,26,True,8,5,33,13679,1502,26484,115,28101,7769,9442,2700,19913,3112,3040,6655,3020,3089,0,2052,KlahrStar,yo7_jh2qIboI5mEpRZLhnd0ZHZ9GMzS6UQWSMidNkyuIuptIaat3hMihCYxJY8Eyq_AsrVvHrMpcpA,Alistar,12,True,4,9,34,11836,1384,8330,625,10340,18960,18659,8540,46160,6665,3121,3083,3047,3076,0,2052,God Gurjot ,hL6sYd7MkseP3G5aWkRgtw1-NhLwILejOVRZ8a72LlqzvB5p9Pc3NNExeY2MAa7gJwy8B4-EfWpQoA,MasterYi,11,False,5,12,22,12325,15154,2971,10024,28150,16356,7801,1578,25737,3124,3153,3006,1033,3051,1043,2052,A Yuumi User,XxfVkAO-S9b3nxIxZ9sc3S5-V04tR94EMKO_JrTixEq8qDFbmWfHbHSOJCMORrAyyK9SxrXWImH2Gg,Renata,888,False,3,8,32,11254,1201,7816,3191,12208,11714,10886,1908,24510,2065,3112,3158,3070,3107,4005,2052,Ará,04yj7U-OecPoCoNgJJlLCI7LXCeAx6bASK6iH5IUqVhAN-2vmdhAq92aXcfotEcouAKrh2iz79XVnw,Gangplank,41,False,19,8,10,18490,32133,3974,9438,45546,13620,10354,1451,25426,3508,6675,3158,6676,3036,1036,2052,asiansmile44,VR7I7UWGn5Hvg5sWO2dHgb9t4oZjCw9r_0jHccNE0rBVEH7qN2X96n6Y5sfyUxscySuEdmMtwYKsfA,Lillia,876,False,11,9,25,14812,1132,41223,11375,53731,16337,9161,2480,27978,6653,3158,4637,8020,3742,0,2052,Efreiht,gRw7qidF_-QxZARZYUVb_Q2GlpxFUIXqLqaqEL6oyyU5DXxA5cKX_jBCE4U19VaCgIlzsAWS_cHTxQ,Amumu,32,False,4,12,30,11998,1114,14430,3763,19307,18541,11114,3903,33560,3001,3075,3070,3047,4637,6660,2052
False,Morgana,25,2,8,27,NA1_4813212291,1237,ARAM,1698458717482,ScrapInfernity,wdm3nO4xW_FM_Hy-qxxl9086Sojpn2kD2oXYlYMwRQeVdfmgrMtaqC7Bmfks4uCy96ivZbFdDIrNnQ,Veigar,45,True,13,11,24,15459,1148,39133,0,40281,17654,4987,280,22921,6655,3157,3020,3135,0,3089,2052,IVETAM,V4bMDxFRpkgU7garFfvISd1hZE5kSLjuZP7dmheUFkrgAGLVruq86YFSRYc2lwr-UCwcan_sjl-zWw,Aatrox,266,True,16,6,15,15386,23291,4138,0,27430,29340,10803,395,40539,1031,6630,3053,3161,3047,3133,2052,lnfernityScrap,bn8uCDUpZE-73aVKM8p2flusR2syP9XhWJ5NOaMBYVtHqfgsLCV8UyzRVlkvxQ5yX7uGGAORM2pQfQ,Renekton,58,True,8,9,17,13965,20681,2866,760,24309,27113,9628,102,36844,3153,6631,3047,3067,3177,1036,2052,Tears of mercury,XkT3BXPhfanZm-1Q1xJXXyP5OXpWgky7pIICqKSxzcxLchfppRk3xjoGldrdL-OX99rToZGp-L9VHQ,Malzahar,90,True,8,8,24,14197,620,30616,0,31236,12622,3684,324,16631,6653,3040,3020,3165,3116,1052,2052,Admiralpanther,R-ACnHwJ22lnZwaW879-GJXNTDZx6-F4auduJXyA1XkDYnTUgovd-ZgkouGakhYr2orD20Z08o3rPQ,Yuumi,350,True,3,3,43,13408,589,16903,0,17493,7821,2898,233,10952,6620,6616,4005,3011,1058,0,2052,KlahrStar,yo7_jh2qIboI5mEpRZLhnd0ZHZ9GMzS6UQWSMidNkyuIuptIaat3hMihCYxJY8Eyq_AsrVvHrMpcpA,Morgana,25,False,2,8,27,12211,1208,20168,0,21377,5475,13481,0,18957,6653,3157,3916,3102,3020,3145,0,woxiangtiaolou,9VXWMgKG6ZY26eEi5tkVWK0TJ-gRJTYrn7ZbJ1VUBUYAOqu7nwhsrirtIvAAJ8Ne39Kf1znnAs6d0w,Volibear,106,False,1,9,22,11934,10059,8656,0,18715,15796,27277,258,43332,3084,3076,3083,3068,0,3111,2052,K1dFlash,8nh6CEi9xEek3zaPQVGzXqmCCppk3EuV_bmrPN_daw9qb5Nv3NveMLo9cL3LDeSDblXg7d5Mo5jnlw,Samira,360,False,16,13,13,16728,31204,2981,803,34989,13716,18865,318,32900,3140,3111,6676,3072,6673,6691,2052,Hypnotic,m-ruYSyZlK73IYI-NFKfojo1YpzywfDvH1dR-RzKyp42aK-kXMK4dU9tuPH-eROvWSQtjFHFmU4efQ,Pyke,555,False,9,8,14,13121,11126,0,532,11659,7606,19518,85,27209,6696,3158,6691,6676,3814,0,2052,DoubleJump16,BGSJXVpUrR-pABoFXCvB5BGqBgqVRJCoTSJjCLvI68BbBeAcTwvg4zeUxTpUMb6Ktdxip-jiHawWAQ,Jinx,222,False,9,10,19,14892,35306,195,0,35502,12056,14515,98,26670,3006,6671,3035,3184,3072,6672,0
True,Senna,235,15,8,33,NA1_4764625780,870,ARAM,1693868478034,xiaopanglele,wxKEl9ARgQbVug1BXzJPM3_Cv8NJ85ux2NulGMx-D-UbaSYAVngPceQh3_paPtchdfSOSmmJU_D7Qg,Morgana,25,True,10,5,38,11436,865,16538,655,18058,8103,3837,1375,13316,3157,2031,3116,3158,6653,1026,2052,actuallyapotato,59rYkD8T2UT6a4REJW3NuCgQ7dJr9FHUp4ukCMoHmqyHntBpaoS81CAuW5BhjahxEGHCBQl0DS5_tg,Mordekaiser,82,True,12,7,28,12153,2614,25740,510,28865,21634,7608,2387,31630,8001,3047,4637,6665,1029,2031,2052,Katinka4,5u1OuQR4vRKF7Wfn6FxxPnF4Pic4-FPSAvzJquGYzMPSFuMSEZoLeekzJDwtzrrqkKqmCIxy_uJFOQ,Trundle,48,True,9,9,33,11053,14938,2518,0,17457,35995,5906,2211,44113,3047,6632,3065,3082,3024,0,2052,Shuckle,wNZrz_iRLQUVnyoil-jSSQ3ZZd7o-bTCyYIDgBqheYtREHcZd0astsVtTKvM5-ORRt5kh9rBdiFR4w,Caitlyn,51,True,10,8,35,11817,26835,1787,0,28623,10863,2881,1477,15222,6672,3006,3085,3031,0,0,2052,KlahrStar,yo7_jh2qIboI5mEpRZLhnd0ZHZ9GMzS6UQWSMidNkyuIuptIaat3hMihCYxJY8Eyq_AsrVvHrMpcpA,Senna,235,True,15,8,33,13550,24495,2973,0,27468,9741,4805,1471,16018,6672,3006,3042,3124,3086,1036,2052,Simon1920,uJUU8v4Xg3UG6YhWx9cLyuREUyPWlyPLFgb5swc5lTpyf7t6b-hXJZUGUw5zHB63eET8_FViCbLc2g,Garen,86,False,4,13,24,9539,19556,0,3518,23074,18732,10304,130,29166,6631,3066,0,1031,3071,3111,2052,No Ask,ahs1olmZuZEq3OIsiEaucUqZOtydaSylEUvd6XUeDdCf50s2MPELOWCKYev4VAck0N4QU8T8ikb7AQ,Nunu,20,False,8,12,19,11365,1145,18982,1070,21198,16134,9727,180,26041,4636,3020,4645,4629,0,0,2052,lilgus23,FwJsdid2UkZhYgqzZX_ozXm3P1s4TD_X4U9rEgtYnKPdL33F8IQ_RGK6xgIKHUFrMYPOlhDKm1HI6Q,Lucian,236,False,11,11,14,12346,34300,4537,0,38838,12179,6406,300,18885,6675,3158,3033,3508,1053,0,0,a paper cat,EhkNYmXwKxqerMzL4w7dVqF_Q6qOkVSFLH8JD8jJNxD-hILB0WE-XjdDFnOa5nEuwUDgkp0DECXkJg,KSante,897,False,4,11,14,9152,11916,1519,806,14242,19690,15841,375,35907,3084,3143,3111,1028,1057,1028,2052,BigDWH14,vLPIg_xuSV7gPixi9vQgeOuKeyd6z0gdDZIIOD6XElAs9gpf7TzSYLyMk6VW9-gSUDvTxA0HNZSW-g,Pyke,555,False,10,9,12,10819,13987,0,2527,16514,13530,7278,180,20989,6691,3158,6696,3814,1036,1036,2052
False,Nautilus,111,3,8,17,NA1_4809355461,1404,ARAM,1698112958631,ImABigKidN0w,pZGDnYojxh7KivrIT0qgrMz2wl3KtrgvmIk2Ac7A4bjdWgiHc2QqhrBk_vjobDQgEA792w1pZMU73Q,XinZhao,5,False,11,14,17,16053,35451,1946,1905,39303,18572,16351,676,35600,6691,3006,6676,3075,6693,6609,2052,chuck41,2A-SQrSH5jC7wxsFkEkofaRh5FE9C-5w0cudaGKUEZmBHegenMUx3bOZsqSNs0CPqxkFesn3eWxJeg,Rumble,68,False,8,15,18,14595,854,51473,1746,54074,14476,19288,326,34090,3165,2421,3020,4637,6653,3191,2052,kamandag,vXICB_IPh_gR_JV4OJfX3tch57OMCFeG44kGWKLOdpg4-5Bd4gO5rjx4jQTXU74kHyiBZ5yQCAuryw,Karma,43,False,5,7,23,14660,3139,16578,0,19718,22594,28060,1289,51944,6657,3158,3065,3165,1011,1029,2052,KlahrStar,yo7_jh2qIboI5mEpRZLhnd0ZHZ9GMzS6UQWSMidNkyuIuptIaat3hMihCYxJY8Eyq_AsrVvHrMpcpA,Nautilus,111,False,3,8,17,14019,5337,11704,641,17683,17786,25770,2714,46272,3110,3211,6665,3047,3083,1028,2052,adelaoligo,1SrCltmE5BoCeX_0cf7a0-A4xSypf2s3USXfZg3fkcgWFJGiWW-PvtacvUxyRiCjcD7ZZnQyA8NrYw,Darius,122,False,7,13,11,15757,22185,0,5254,27439,20406,23218,5495,49121,3111,6630,3071,6333,3123,3053,2052,Gucci Nid,T8-XtuXeVclrKGxTHlN6KP1cA0HDej8g0rKChvUXPgm_Abk9WbAf4tHFEn-U0EF6fXdeTYODaZc8eA,Zyra,143,True,11,8,31,16417,717,41634,2252,44604,12868,10178,946,23993,6653,3020,4637,3089,3916,1026,2052,xXNooB69GuccIXx,8SrNcgA7UdqbC-AaZIjhQ1XqaNBFOL_PCCb-WpFffwRR8uvyst7fGcAhNIMLeOCi6a6NA-g_JRFhRw,DrMundo,36,True,19,10,23,18210,30370,40133,3191,73695,50190,34906,4709,89806,3748,3065,3083,3068,3084,3111,2052,Lovelys,X8oABF4uHc7hIAMxZFAq8X4TR3CF9d0WT9_2lx2aAlqoCiAEiPra385PHsdEpbb42aV2ZBrTy0G_5A,Janna,40,True,0,5,52,13562,914,10828,1334,13077,5808,15219,1458,22486,6617,3070,3107,4005,3158,3011,2052,Modzy,hwyxfde1N2ERGhdDjfZfC13OK1P7T2o9TU_l-86cGgCOalp9-tPOob3fcR2nVHFSwIP8qkwM5qDINQ,Akshan,166,True,23,7,18,19161,47359,10664,2063,60087,14722,12822,1628,29174,2421,3006,3153,3036,3124,6672,2052,Deltalead38,XG6B0ctCn6P1r7t2IF_uIX6zduIVRiYwvYvOMCaSYPT7i_L4rPZchdRk3hv2F-qSg0dz25Wbkj9nQg,Lulu,117,True,4,4,48,13895,1393,9428,1479,12301,6123,8576,803,15502,2065,3107,3040,3504,3158,3114,0
False,Qiyana,246,7,10,12,NA1_4809392804,786,ARAM,1698114497363,actuallyapotato,59rYkD8T2UT6a4REJW3NuCgQ7dJr9FHUp4ukCMoHmqyHntBpaoS81CAuW5BhjahxEGHCBQl0DS5_tg,Anivia,34,False,2,10,19,8084,1028,8336,0,9365,21456,9434,1313,32205,6657,3083,1001,3070,1052,1026,2052,Katinka4,5u1OuQR4vRKF7Wfn6FxxPnF4Pic4-FPSAvzJquGYzMPSFuMSEZoLeekzJDwtzrrqkKqmCIxy_uJFOQ,Irelia,39,False,6,9,11,10081,6487,2182,204,8874,18608,6285,494,25388,3111,2051,2031,6632,6333,0,2052,Shuckle,wNZrz_iRLQUVnyoil-jSSQ3ZZd7o-bTCyYIDgBqheYtREHcZd0astsVtTKvM5-ORRt5kh9rBdiFR4w,Nautilus,111,False,4,9,20,8257,3257,3939,667,7864,19505,10281,2008,31796,2051,3111,3001,3083,0,0,0,Goorm,zi7GkqZpsekzp6HUh79wDGCs6aL1zHQfLzxnI6z5yCTo53XqfYmZuHTACgImkwWuna1Nicaa7H0oTg,Xayah,498,False,13,8,14,11599,20651,0,302,20954,12215,4270,635,17122,6672,3006,6675,3072,0,0,2052,KlahrStar,yo7_jh2qIboI5mEpRZLhnd0ZHZ9GMzS6UQWSMidNkyuIuptIaat3hMihCYxJY8Eyq_AsrVvHrMpcpA,Qiyana,246,False,7,10,12,8782,12349,775,475,13599,12326,3729,608,16663,6691,3047,6693,1036,1028,0,2052,MeltyxBlood,M6QQzTzsKJeeGCHW98k-JPc6EPgWTw_zVOpoG-TCOYQ_BxN_FjlX8OEYBmoIWtJ-MXnrKUxmPQyBWg,Khazix,121,True,19,5,18,11978,30328,1826,845,33000,12935,2763,360,16059,6691,6694,3042,3158,0,0,2052,Alabz,uhrxmIj3gmvJpdxpacJR6TxvBDN2tEAniARPUzXv02avQhX_u2t1IvTNEvuJAAmmOxNLhwYicI0FLg,Renata,888,True,1,8,35,8489,627,5985,3405,10018,9097,4900,3674,17672,2065,4005,2031,3158,3012,3114,0,l3ing ChiLLing,KO985WvyeRzMmXON3mzyoZW0JxDlX7oxpFa04dgIgBEYDSfZqsVg2KRVJsfq0vr_fXPCviZcoWDt-g,Varus,110,True,11,5,26,10462,19173,4496,619,24290,7214,782,0,7996,3042,3134,1018,0,6691,3158,0,Dark Army,jTF1jbiOfvoCyk5-xYbRc6lRmBxLCvUp2or2GD38d3ghM-bOjsvT0LWuq0qNeDinhcjIv0qKVo6sPA,Caitlyn,51,True,8,7,25,10056,26052,1241,927,28221,8142,3977,1073,13194,6691,3006,6676,3035,1018,0,2052,Woodyyy,QVd6QLvForQqUG_gNgVRlZZghqBdJ7oDY1Eic_OfMA1tgKQmzetDqH42aGzlBN7G5tAWU2kslfIvAg,Zoe,142,True,7,7,18,9225,1472,20452,4149,26073,8595,2810,1427,12833,6655,3020,4628,1058,0,0,2052
True,Anivia,34,13,7,24,NA1_4764691068,1296,ARAM,1693873013432,Motor Spirit,OgLmnlipcpESZyivszpwdOvGkFM-zjWXHvWsrfwD_uN4SZZnIWtx-Kg6ScYNyDUPkXMi0Mwlr0-lFQ,Gragas,79,False,7,12,33,13160,2430,35631,1051,39113,29868,17392,727,47988,3040,6657,4637,3158,3135,0,2052,slow strokin it,Up4SDGqwlYxHWKYwym6bJVM316vHSdBdd1fUw6BEOUEnotuWykQLuy3vyDmp-X2Z9x547NDYJVFDhw,Zac,154,False,8,12,32,13940,1606,38489,3052,43147,37444,22419,8480,68344,4637,6665,3111,3065,3068,0,2052,Trivium,tIndW4RZ_mGIT_kgm6fZRo9w1EtXZRLSW3I0OAlq3wlnRGuZHeB0eGI0YGPntbZK8gPCvyN-tzc76g,Gangplank,41,False,15,9,26,16660,45263,8344,8223,61831,15959,11252,175,27387,3508,3158,6691,6676,3036,6673,0,ALVINSANITY,yfH84mCaZbd3uTHrcq5iT3xlvv-c5hs3rlehU1eacFV1Pv1kTNZ_9W3qoR1cCmm_dzoq7phjN96V8A,Leblanc,7,False,16,10,32,17003,34195,31728,825,66749,23497,17790,2097,43385,3087,6632,3111,3095,3094,3036,2052,FPX PHORST,AxGGui4wMSXo-COJurzxCAwfIHXKEbnJbIlOHCGgmjeSyt8Zk7Ed0sHh-uZsHK4A_NmvVpcZHXActA,Neeko,518,False,6,10,30,13363,967,32242,1797,35006,9681,15697,52,25432,3152,3157,4645,3020,3135,0,2052,actuallyapotato,59rYkD8T2UT6a4REJW3NuCgQ7dJr9FHUp4ukCMoHmqyHntBpaoS81CAuW5BhjahxEGHCBQl0DS5_tg,Shyvana,102,True,8,13,30,14922,19750,23012,633,43396,33215,35515,4835,73566,3084,3111,3748,4637,1011,3067,2052,Katinka4,5u1OuQR4vRKF7Wfn6FxxPnF4Pic4-FPSAvzJquGYzMPSFuMSEZoLeekzJDwtzrrqkKqmCIxy_uJFOQ,Thresh,412,True,5,9,37,13775,2655,17617,895,21167,14392,21302,2000,37695,3111,3109,3190,2051,4401,8020,2052,Shuckle,wNZrz_iRLQUVnyoil-jSSQ3ZZd7o-bTCyYIDgBqheYtREHcZd0astsVtTKvM5-ORRt5kh9rBdiFR4w,Nilah,895,True,4,15,36,13602,30120,65,1166,31352,11375,22782,1769,35927,6672,3111,6675,6673,3123,3035,2052,KlahrStar,yo7_jh2qIboI5mEpRZLhnd0ZHZ9GMzS6UQWSMidNkyuIuptIaat3hMihCYxJY8Eyq_AsrVvHrMpcpA,Anivia,34,True,13,7,24,16272,1976,40675,1138,43790,9161,27741,875,37778,6657,3040,3020,3089,4630,0,2052,BubbySenpai,2Kr5lmllxgwH-BETL6XxQJPof5EdaBinjlh5IsNGmfdTv8KLRb3L9iamDHJsMD6Tepko31oWEwezag,KSante,897,True,22,9,24,18209,35754,3181,4444,43380,30892,39095,3861,73849,3084,3083,3111,4401,3068,3082,2052
True,FiddleSticks,9,6,12,29,NA1_4764651305,1139,ARAM,1693870555414,actuallyapotato,59rYkD8T2UT6a4REJW3NuCgQ7dJr9FHUp4ukCMoHmqyHntBpaoS81CAuW5BhjahxEGHCBQl0DS5_tg,Lillia,876,True,8,10,35,13396,1363,22483,8431,32278,23692,9966,634,34294,3916,3111,4637,6665,1052,3143,2052,Katinka4,5u1OuQR4vRKF7Wfn6FxxPnF4Pic4-FPSAvzJquGYzMPSFuMSEZoLeekzJDwtzrrqkKqmCIxy_uJFOQ,Gnar,150,True,17,11,20,14485,25177,3255,1665,30097,21265,12240,2400,35905,3111,6333,3067,3078,3053,1036,2052,Shuckle,wNZrz_iRLQUVnyoil-jSSQ3ZZd7o-bTCyYIDgBqheYtREHcZd0astsVtTKvM5-ORRt5kh9rBdiFR4w,MissFortune,21,True,11,8,30,13808,7913,24435,1195,33543,9236,9242,170,18648,6653,3158,4637,3089,4630,0,2052,KlahrStar,yo7_jh2qIboI5mEpRZLhnd0ZHZ9GMzS6UQWSMidNkyuIuptIaat3hMihCYxJY8Eyq_AsrVvHrMpcpA,FiddleSticks,9,True,6,12,29,12314,231,15159,1696,17088,12741,12610,572,25925,3157,3152,3158,3089,0,0,3330,Abyssum,XJAlkypGQLR2apaANTG9AxzxKA0hR969y1ZYu5fFH6IWZmIw5coZqZwzkhu1wU8vMf6jOACyrq0tQw,Yone,777,True,15,12,24,16211,18294,10564,3230,32089,20047,9734,584,30366,3133,1031,3153,3087,3006,6665,2052,arikkillreza,iELlbXyyYCRo7Z8NiwvQj16eWPwLFN40kUzHHZPQr2duZd6T6hoIehZCuZdLlvxBtNCOQr5UnjJVug,LeeSin,64,False,17,10,25,15560,20739,4073,1198,26011,13133,12298,6546,31977,3111,6630,6333,3156,3071,3077,2052,ÐØŃtÝÕÙÆæTÞÆïMØÑ,z9oXsR7DYqjd3Tk3gPwzINkRjgMoFDsbCaUkqvuUo9fy0X4X89TCDm5iVCaruCCMeQKsAjclmWIAmQ,Aphelios,523,False,18,13,19,15172,41952,1495,179,43627,10783,15218,2611,28613,3139,6672,3031,3036,0,3006,2052,Ghost in flower,npnX7h0DHjc_AaSCFNco3enN2Nqzm_nkOrVquDr_ZVtnkweeAZNlG9TclRnA-U1LGBoUSFSnUfVq1g,Renekton,58,False,3,13,31,12063,13713,4068,1348,19130,23508,23359,3223,50091,2051,3111,6630,3161,3044,1037,2052,cheese in trap,Aq9XV0vns6rp4kgnoAeFFNU4ZzO6d_oP7fNrdWSzHDCE-3OAJ7F3pILxVfI5BPbNjfbOLfKXfMMpWQ,Kennen,85,False,10,10,22,13364,2065,20515,730,23311,9056,13143,2024,24223,3020,3152,4645,3089,4630,0,2052,bobssp,4aAr_pi8lD-TRHZHhdut4-Pe3l3KESpykyaHPPYvmY9tfuCWs2FOklPGqg8voUaQVzX1ljNL4ruzQg,Taliyah,163,False,5,11,28,12581,441,23641,793,24877,7350,11878,1884,21113,3020,1026,3089,4645,6655,0,2052
True,Cassiopeia,69,14,9,29,NA1_4806365188,1484,ARAM,1697855962500,lexcoolQc,YhcL6b86W1Lqdk05fEjX-YTSckTgjwRdKhGoqUwjZueCRS_RmV32m1p7bGMr-bsRvtS1uC0oC9nKyA,Jhin,202,True,14,14,22,18129,32352,3821,65,36239,17943,13454,2152,33550,6691,3036,3009,6676,6696,3072,0,Caron,a0GVTGRDKTB3xGHB3063OjiSG9rZm0m3WHRGCJn2UWCkOL5_-1nb0YW4iEllIwcCAMCj6G7AUTCq9g,Mordekaiser,82,True,12,9,24,17392,4615,29408,2639,36662,24208,17245,2770,44225,6665,3111,4637,3068,3075,3065,2052,offusqué,6iS7eO93j4KByQQ89Uf2eoacWUlQR2To7rBA-gpVTleSArI9yzZUcNPUuyKPy8EOX3VjxSGMq_bgkA,Lulu,117,True,10,12,35,16347,1906,34221,1348,37476,16035,14823,908,31767,6655,3089,3100,3135,2421,3020,0,marlucian,5Di1hjLfXhs9T4gPtWcJlPlNFiN9hmHxOertZ4eW0AT-urtDfeEk9LDokdsR6OWQ6PJgYZxVIX9ptA,Rell,526,True,8,15,39,16160,8631,19445,1362,29439,39871,25313,2441,67627,3193,1011,3111,3075,3068,3084,2052,KlahrStar,yo7_jh2qIboI5mEpRZLhnd0ZHZ9GMzS6UQWSMidNkyuIuptIaat3hMihCYxJY8Eyq_AsrVvHrMpcpA,Cassiopeia,69,True,14,9,29,18305,685,37308,164,38158,22522,25625,1395,49544,6657,3040,3116,4637,3165,1058,2052,Carry myTeam137,cLUJ_N11o2WK7hxSzmCJ7MulkTwvm1e8OTDydFGOk5Vf0XlPIPMHwLUbX4bTPDbNpobCxMuAVQrPwQ,Diana,131,False,18,11,20,19413,2378,56331,2671,61381,7421,22622,373,30417,3020,4645,3089,3135,4628,3152,2052,Yunonava,Jb2gE3OqV0_MKpl7QV30bD2q9y_s2bef-FOtWPK_NtTynF-jXM8Ub9VSiTBjuTAsq57j_akONyLKbw,LeeSin,64,False,11,14,25,16988,29721,8303,1445,39470,23419,31863,1431,56714,6630,3071,6695,3156,6694,3111,2052,DragonkillerMega,SHjT8knM5eHmGlXQ5JpeAAxBUczSmev-lfsUjCpEtS5L9cm9xHMgrXHZxVPZ8WUB75rDq1rG-ktXKw,Draven,119,False,15,9,21,18959,50877,0,458,51335,9374,20907,374,30656,3072,6676,3156,3078,3006,3036,2052,stingray93,BxESgJF5p3KKD8rWqA5sJ3D4e53sn2OEVm5amCDP08msGBAbLi_n5MFN9M7jHpplBzDMwNfa1Nfdcg,Belveth,200,False,11,15,23,15410,24417,3794,5095,33307,11695,24662,2558,38916,6672,3153,3111,6676,6333,1042,2052,Syuu,As19J9u_5MwUq-qh4v_uIeUBCj0Z7PEf6tC-KkWZvEt6lI27HdQxRUvViKAXWyTr_LWtDTofJ66UcA,Bard,432,False,4,9,34,15361,3310,28033,0,31344,9973,24148,865,34987,4636,3111,3100,3115,3135,1058,2052
True,Corki,42,15,7,32,NA1_4809521722,984,ARAM,1698121364655,evil piglet,S9ZxBF_5d3kvkIqL1u8dzgmBAUt0HmOSPQ7ziJPBIwHSrEM-tiQB05RkbdfTbrtO5asrku_oFtKESQ,Quinn,133,False,5,14,29,11587,17500,26,0,17527,7572,14499,2726,24799,2015,1036,6691,6673,6693,3006,2052,GODODOG,792CUmiSaVv87mLA1xOTkLVc9Flah6DFrv3uWsO8yEBgzDsnhLd3lHZ0zILr1nqs2sJAzFU67byd2A,Jax,24,False,11,13,18,12223,13477,10425,375,24278,14803,13728,3641,32174,6632,3111,3091,1057,3066,1028,2052,C18tt,qMfczdNZ5bothsKzmW0d46if4FIYOyNqF_xisXgt_QwuVJOdFQZY59l8QnvLyatYL5OcnoGrOrF0Xw,Aatrox,266,False,8,9,19,11060,27546,4211,1030,32787,11381,14111,3421,28914,6692,6694,3071,3047,1036,0,2052,Riven and Beast,oTD54rxxJDBGTP4eC3vaX6Da47FhLBrGEoNJtzNXyHciPZJBH10uRMAGGlF2qfUuzl5Lw4kXbQyDBA,Hecarim,120,False,5,12,23,10945,18604,4699,0,23303,13363,15690,3190,32244,6691,3042,3177,3077,3111,3133,2052,jerry0820,QwbqZnGXzjNOQQUs65zS0x6l8hT3A5CwTZFHplGoRiUXkQA4HgBg3P1is8Tt_xKAVDQ5j4jIk5Wl5Q,Lucian,236,False,17,11,14,15086,34430,5841,0,40271,7467,11838,2192,21498,6672,6675,3006,3036,3153,1036,2052,actuallyapotato,59rYkD8T2UT6a4REJW3NuCgQ7dJr9FHUp4ukCMoHmqyHntBpaoS81CAuW5BhjahxEGHCBQl0DS5_tg,Lillia,876,True,12,9,36,13044,1940,22711,9603,34255,26165,5789,360,32315,4637,3047,3116,6665,3916,3082,2052,Katinka4,5u1OuQR4vRKF7Wfn6FxxPnF4Pic4-FPSAvzJquGYzMPSFuMSEZoLeekzJDwtzrrqkKqmCIxy_uJFOQ,Nilah,895,True,11,10,37,12394,23316,0,114,23431,24048,3801,330,28180,3047,6673,6675,6676,3035,0,2052,Shuckle,wNZrz_iRLQUVnyoil-jSSQ3ZZd7o-bTCyYIDgBqheYtREHcZd0astsVtTKvM5-ORRt5kh9rBdiFR4w,Amumu,32,True,8,11,38,11288,1795,15879,1436,19111,35975,6658,75,42709,2051,3047,6667,3083,3075,0,0,KlahrStar,yo7_jh2qIboI5mEpRZLhnd0ZHZ9GMzS6UQWSMidNkyuIuptIaat3hMihCYxJY8Eyq_AsrVvHrMpcpA,Corki,42,True,15,7,32,14137,3617,23292,1644,28554,11435,4098,440,15973,6655,3042,3087,3020,3508,0,2052,yoobeanie,kvySvnCNcY0hURWlzsNqpRXzdfHJ-1dCvJpIRx2Gx7yBpGFbb-IX3m9i3UjneSAG8UxR328NNHRa6Q,KSante,897,True,13,9,39,14646,16127,7983,2373,26485,23137,4855,200,28192,6665,3110,3047,3068,3075,1011,2052
True,Kayle,10,8,7,28,NA1_4764668638,847,ARAM,1693871970842,BubbySenpai,2Kr5lmllxgwH-BETL6XxQJPof5EdaBinjlh5IsNGmfdTv8KLRb3L9iamDHJsMD6Tepko31oWEwezag,Caitlyn,51,True,15,7,16,12033,22161,790,551,23503,7201,6347,120,13669,6676,6691,6696,3158,1036,0,2052,actuallyapotato,59rYkD8T2UT6a4REJW3NuCgQ7dJr9FHUp4ukCMoHmqyHntBpaoS81CAuW5BhjahxEGHCBQl0DS5_tg,Sylas,517,True,10,6,23,10696,796,21569,1181,23547,18621,7605,932,27159,2051,3047,4637,6665,0,2031,2052,Katinka4,5u1OuQR4vRKF7Wfn6FxxPnF4Pic4-FPSAvzJquGYzMPSFuMSEZoLeekzJDwtzrrqkKqmCIxy_uJFOQ,Elise,60,True,12,5,12,11643,494,19995,1069,21560,7297,6403,365,14065,3020,3112,6653,3165,3135,0,2052,Shuckle,wNZrz_iRLQUVnyoil-jSSQ3ZZd7o-bTCyYIDgBqheYtREHcZd0astsVtTKvM5-ORRt5kh9rBdiFR4w,Nautilus,111,True,1,6,28,9524,3141,4825,493,8461,22139,6948,900,29988,3190,2051,3076,3083,3111,1011,2052,KlahrStar,yo7_jh2qIboI5mEpRZLhnd0ZHZ9GMzS6UQWSMidNkyuIuptIaat3hMihCYxJY8Eyq_AsrVvHrMpcpA,Kayle,10,True,8,7,28,11669,11282,7170,324,18776,8066,6956,598,15621,6672,3006,3153,3124,0,0,2052,TopGuru,JvpeeLELyXoITYkeT-sfdJ9g5l4d2PAsz8P1tdJN_-OvQEWWT_euctPC9CgMWmZ0xbOgDDlSoagaBg,DrMundo,36,False,2,7,17,8573,6057,10124,365,16547,13490,15657,372,29521,3084,3065,3111,2051,0,0,2052,Thebettle,NBWn3o1OmONQR4OpYUlYAjoUCkgyBkc-_UdfiJROAi3GkC_WdVPXXvoxl9t3G4tb_981R8NdlmFFIw,Velkoz,161,False,5,7,20,9684,339,17628,2202,20170,4201,8058,450,12711,3040,6655,1001,4645,0,0,2052,Beast Machine,wY_MspXP2r4rv-nZClL5yH0JKYGvAr7i7gVo4QU1Fs2oQz7zNjcISeA0YrOBeI5BU4kF5lXWusZu5w,Varus,110,False,7,8,14,9475,15868,4457,0,20326,5607,10900,420,16928,3177,3042,3158,6691,1036,1036,2052,KiIlN,rv6klgo2JBWQK9jQ1IuBF1stxB9oMq6OKXGKb_Kggzr_OfiwyojX7w42k29t06jxxx7_Z74EqtwBEg,Tristana,18,False,10,12,8,10717,13993,1096,0,15089,9978,9178,757,19915,3006,1038,1036,1018,6672,3031,2052,Bigl3oss,X8FxJb6DaLHhlz2RGdOPsa6NrHyAJ_Gl8QPJrpZXrYOpt3lFksPkm1jxzTiu7HwGA-66tded59hE8A,XinZhao,5,False,7,12,14,10644,18447,954,350,19751,9618,10555,1805,21979,6691,3006,6333,1053,1043,1037,2052
False,Samira,360,5,13,22,NA1_4764577075,1157,ARAM,1693865169087,actuallyapotato,59rYkD8T2UT6a4REJW3NuCgQ7dJr9FHUp4ukCMoHmqyHntBpaoS81CAuW5BhjahxEGHCBQl0DS5_tg,Diana,131,False,12,14,29,14061,4821,28409,1391,34622,16492,30139,1046,47678,3076,3047,4637,6665,1011,3143,2052,Katinka4,5u1OuQR4vRKF7Wfn6FxxPnF4Pic4-FPSAvzJquGYzMPSFuMSEZoLeekzJDwtzrrqkKqmCIxy_uJFOQ,Nocturne,56,False,11,15,26,13352,31823,1682,708,34213,19497,30698,568,50764,3047,3071,6630,3074,3155,1036,2052,Shuckle,wNZrz_iRLQUVnyoil-jSSQ3ZZd7o-bTCyYIDgBqheYtREHcZd0astsVtTKvM5-ORRt5kh9rBdiFR4w,Karma,43,False,9,9,34,13039,2087,33837,420,36344,6274,15792,210,22277,6653,4629,3158,3916,3135,0,0,KlahrStar,yo7_jh2qIboI5mEpRZLhnd0ZHZ9GMzS6UQWSMidNkyuIuptIaat3hMihCYxJY8Eyq_AsrVvHrMpcpA,Samira,360,False,5,13,22,12846,23316,2784,85,26186,8953,21469,340,30763,3031,3047,3072,3036,1018,1037,0,Taojon,EC8JlxpaA-lYDwjqQ24gdYxL7F-zTw7buslm1tVyQOTHzWXoNyN3sTjmy_iozon8WeJB8AQu2VioGA,Leblanc,7,False,21,15,24,16404,1684,50250,1860,53795,15174,21883,1044,38101,6655,3020,4645,3089,3135,3916,2052,Azn Infestation,py54CGVvYs8_r9eIu9H5kA5_EOP0vaK-eOw2gfMAotVOSzTOHNH2346JPH8Kg5pILz-BbpdBR1g5ag,Nidalee,76,True,20,9,30,15763,874,40796,865,42535,10487,18679,1392,30559,3020,6655,2031,3089,4645,3102,2052,Faker Mây Cry,uHkIrKCN1QVCW4uugAcebAfqXXa1cOBmpUvqmd8-7eU--WU1nyq8wKyN4jJsa3-wqaOLpwP-rEUfYw,Kindred,203,True,10,11,27,14396,22969,6826,0,29795,8459,22113,305,30878,6672,3091,3078,1053,1018,3006,2052,bobthebuilderz,UHYJXfo6u-24fzl9k5qSjpWp27WNblHkDLco9ZskjOrSsLr_w_LM9aKxGUxOmLQta1JR20TyO_UK8A,Nami,267,True,8,11,46,13832,849,19392,439,20681,10675,19893,157,30725,3040,3107,6620,3158,4005,1058,2052,janeiswaifu,pXpoRKD0FuAE5CRu2cE1RQerHvF8a4m1MdYIVg7vichjOPG9VLdSubRKVPUA2ojuYPsAHew7_-FQfg,Irelia,39,True,15,17,27,16219,28786,14437,1070,44294,26377,28885,1370,56633,3091,3153,6630,3111,6333,3067,0,FeeLiN,HUskP5svP9CRNIzZvGG40gwfvjU17SRHQyZ0jbYmgnpDiTeKtgRY9FoI8vSsHEXb9duUKirhBMOLMg,Mordekaiser,82,True,13,10,32,14808,4228,38530,835,43594,18954,27392,1285,47632,3065,3047,3112,6665,3075,8020,2052
True,Rumble,68,10,6,28,NA1_4809449781,1131,ARAM,1698117207037,actuallyapotato,59rYkD8T2UT6a4REJW3NuCgQ7dJr9FHUp4ukCMoHmqyHntBpaoS81CAuW5BhjahxEGHCBQl0DS5_tg,Poppy,78,True,14,4,22,14543,20873,7720,1183,29777,26907,16166,2269,45343,2051,3047,3083,6632,3068,1028,2052,Katinka4,5u1OuQR4vRKF7Wfn6FxxPnF4Pic4-FPSAvzJquGYzMPSFuMSEZoLeekzJDwtzrrqkKqmCIxy_uJFOQ,Quinn,133,True,12,10,20,13968,23845,985,0,24831,14169,8067,1604,23841,3111,3184,6671,3095,6673,3035,2052,Shuckle,wNZrz_iRLQUVnyoil-jSSQ3ZZd7o-bTCyYIDgBqheYtREHcZd0astsVtTKvM5-ORRt5kh9rBdiFR4w,Velkoz,161,True,8,7,26,12378,1191,24788,1694,27674,8714,6910,405,16030,6655,3020,4645,3089,0,0,2052,KlahrStar,yo7_jh2qIboI5mEpRZLhnd0ZHZ9GMzS6UQWSMidNkyuIuptIaat3hMihCYxJY8Eyq_AsrVvHrMpcpA,Rumble,68,True,10,6,28,14222,1043,31402,1106,33551,9862,12429,1094,23386,3112,3157,4645,4636,3020,3916,2052,Iwu own you,P4r_BXJLQhiqVJH9ixKf6I2yMr-XFGlFSxBXp98Wfw_H_pqgsYpHWS-PFVCdWLlMhpB-oMQQiOy2-g,Singed,27,True,3,8,33,12053,692,15068,790,16550,26952,16338,3043,46335,6657,3083,3116,1011,1026,1052,2052,Eighttt,3Sr8xFf0v9C-oCF-V5jdLKreYzxacWZEY9crExrUss2FoiYfqJYc94N7N5WWlSKWq9tWv4h_zfDVhw,Katarina,55,False,8,16,15,12641,15259,15608,661,31529,19900,20061,1748,41711,6632,3091,3111,3153,1037,1036,0,SpringBrotherGod,lgtIIWvUX4Vvl6IsJojNBde022nY9Bcfm-B-kM6Zt2tJQBaOOxo7ml86iOEk6lpNIWhXNrwxJVdLBQ,Nidalee,76,False,8,7,11,12674,470,32769,0,33240,8957,12686,378,22022,6655,3020,4645,3916,3135,3057,0,ONOOOOOOOOOOOOO,hhIUD8R5PKbCTM32Sfav7nf8ZRW8ZlW6r-L0ZEtl_dGsdwPi6r5Wb8lymgVHqfw0dflxK0enb6gkrg,Milio,902,False,3,3,24,12701,1616,7645,2834,12095,3151,13436,695,17284,3107,3070,6616,6617,3158,3109,2052,UnboundHades,P8fKNc649cIHdlhT6__DmD9lhk9_G96heNzmxQoOmv5i3T_OUC9bESIGP7hLYQq9TnSaLZI9hjMXBQ,Kayn,141,False,4,15,16,11839,27877,3194,0,31072,12057,19234,849,32141,3042,6691,6696,3158,3035,0,0,Dream Salvage,1Ap-WIwTwNDBsV9Af2yRNCyRydeGT8A6F4bZ_8p6oBoqSA4cG4PIoxW87a3IbopLyI8LChfxXX5fUg,Pyke,555,False,12,6,6,12283,20084,694,3921,24700,11016,14545,1102,26663,6691,3158,6694,6696,3134,0,2052
False,Zilean,26,8,9,33,NA1_4809472279,1447,ARAM,1698118633664,actuallyapotato,59rYkD8T2UT6a4REJW3NuCgQ7dJr9FHUp4ukCMoHmqyHntBpaoS81CAuW5BhjahxEGHCBQl0DS5_tg,Illaoi,420,False,15,14,17,16105,39086,0,1078,40165,16595,43360,6651,66607,3053,3111,6662,3065,6333,1057,2052,Katinka4,5u1OuQR4vRKF7Wfn6FxxPnF4Pic4-FPSAvzJquGYzMPSFuMSEZoLeekzJDwtzrrqkKqmCIxy_uJFOQ,Garen,86,False,5,13,22,14757,17608,0,2664,20273,14854,32886,3933,51674,3065,1031,6631,3111,3071,4401,2052,Shuckle,wNZrz_iRLQUVnyoil-jSSQ3ZZd7o-bTCyYIDgBqheYtREHcZd0astsVtTKvM5-ORRt5kh9rBdiFR4w,Elise,60,False,8,9,28,15029,1055,33321,654,35031,8584,14242,1337,24165,6653,3108,3165,3020,3089,3135,2052,KlahrStar,yo7_jh2qIboI5mEpRZLhnd0ZHZ9GMzS6UQWSMidNkyuIuptIaat3hMihCYxJY8Eyq_AsrVvHrMpcpA,Zilean,26,False,8,9,33,16025,1128,21254,1059,23443,5202,17061,919,23183,6655,3020,3040,3089,4645,4632,2052,ThatOneFoxxo,Qlr_i7sMRNzNsd-at8Wwa5TQP9HtfUoWtdCK_4oIvEcrchIHYoC9Tk7cwB2Ih6NwZDSyFuin1D1GRQ,Kaisa,145,False,13,10,21,16627,25467,14675,1319,41462,6518,18534,970,26023,3006,6672,6675,3087,3036,3145,2052,BTCDegenerate,ZpaoXtdO9hzb1SkIy4J4Kz8v7Urntin4XURGszCfmxxpt9IVsjlc3bXamYup3C-R5wjjgC0DhNfKuQ,Syndra,134,True,17,10,31,19385,451,62230,5660,68342,11357,10740,1105,23204,6653,3020,4637,3165,3089,3135,2052,Hitori2011,YO7E9fYa5-EgWl8JWL9rbiYIjwp3S4b3UZQDR_bCsS8mk70pkKC4LMXYKDX0z0iiOrPIG6ak6-rDpg,Veigar,45,True,8,8,32,16079,166,31258,948,32373,11072,8314,232,19620,6655,3040,2031,3089,3158,3135,2052,Conrodot,gvWKeSMd7KJsdGy0Oqqwo4xNDdgo4zaroEuNf07NvTp9uSpYxwQEVlBDyBkoRrtIXYvMOlbuqUQ6HA,Shen,98,True,5,13,30,13942,11090,5986,2144,19220,34177,22489,452,57119,3084,3083,3111,3068,1057,3066,2052,Valkyrie Cain,inp7HCCVWk5u4wEH1kiuF2rXGIOn2-PzFOUMaBB_jKKY696W7R9MawnL5rDe__x95GWKtZv53mMsOQ,Gwen,887,True,7,11,25,15426,3942,21430,4209,29581,17261,11922,1612,30797,3115,3111,3152,3157,3100,3916,0,Aquatic Lazuli,Llb9wK7pitwr5CDw0aOyRzEboc3hwzbLE84l2tdy-AKflDvlOA5gZhl-86e7_NV-nfDzlB7By5OdNQ,Viego,234,True,18,7,21,17976,30245,5180,850,36275,25897,15784,3663,45346,2051,3111,6632,3123,3153,6333,0
True,Ahri,103,1,7,20,NA1_4806398405,1111,ARAM,1697857647356,KlahrStar,yo7_jh2qIboI5mEpRZLhnd0ZHZ9GMzS6UQWSMidNkyuIuptIaat3hMihCYxJY8Eyq_AsrVvHrMpcpA,Ahri,103,True,1,7,20,11561,1993,15085,6712,23792,12517,3784,310,16611,6655,3020,4645,1058,3916,0,2052,PDR nahihi,RikMKJ06ou8w5JI0Dxz1aNjdUU7UJLXGgHCLjt0siFwac7ZVUOeY6-EupzAXBb06UDOHHS79ImPEYQ,Naafiri,950,True,8,9,20,12723,40373,0,1752,42125,17097,6180,503,23780,3070,3158,6692,6695,6676,1036,2052,Scathach,lODtibCtbwTKz3PgOCZNzfuGGGmOtrFDa18qgkgSKd22CKztUygjmFjTUp-gv63A4DRZgviQ0zdmBw,Sylas,517,True,11,7,23,13556,190,31633,1000,32824,26687,12970,517,40175,4629,3020,4630,3112,6656,3157,0,Jalter dArc,pxIKmWFkCnevqaeRByzjLMzNzeZY8HBBzyfYeJEApXmnnc9NTWgvkFukCgCVgMGoxqe6xJAKxsozCg,Poppy,78,True,12,9,15,14145,18152,1424,1090,20666,24234,11994,1509,37738,3748,3047,2051,3084,3068,0,2052,Koroladox,2BgNJdd16nGfEmBPvZMNwCeGA0sxCTY96M6ukTbaXSngnBaQgukK_NkFHEfb6wn6JNjZEnVe8tgl2Q,Rakan,497,True,4,9,25,11585,1756,7184,700,9641,17448,6166,1171,24786,3111,3193,2031,2065,3075,1028,2052,a adorable kitte,XFT-JP5grlaXsbrDAlH3rx7Vi16D2AD74NizbWVTmvvORtcSCJEJwRtT1YLXlqftYbe651iMS0yvRw,Yuumi,350,False,4,6,34,10919,628,9354,2131,12115,4109,6542,987,11639,3112,3222,6617,3504,2031,3114,2052,W0m4n R35p3c70r,BqQK5O8xMZvwTo3c4WfIG2pEvSBFemjJEzor8uIfX843x_h3E_KZTJ2qh5ftnkPSrdEMDgiUmIDz2g,Kindred,203,False,16,7,18,15595,42233,6386,0,48620,12831,13796,1373,28002,3184,3033,3006,3031,3094,6672,2052,fabledpotato,z5mBf8kBMx4KbyP0GaujSqSQH-8EK7LvMRrPMB5J_KldsROgAapQPl9ifNYm_pnSFbyv1_Y2JHwcmA,Caitlyn,51,False,8,8,19,11890,23713,529,460,24702,6479,9974,751,17205,6696,3158,6691,3134,3036,1036,2052,Solasel,9LtKBEZirur51RbybUyVBe53mTLPCfBp0ncg9B4lUivSSM29dnnhyG7WKxGAxeR1TdFUH4I-3r4mEA,Gragas,79,False,8,6,24,12170,1932,15944,815,18692,16790,9174,4159,30124,6665,3121,4401,2051,3082,3111,2052,FabledPotato2,5xJRPaHu8kSwWxprDLWzu5gJIh2Vh_h2VqQXBTCPPHplcOxa0rSZ1KxWbS2Qj-wjYyH7MhdDX4PNsQ,DrMundo,36,False,5,9,17,10890,7110,8879,605,16594,28595,15840,3982,48418,3084,3111,3065,3068,0,0,2052
